{
    "name": {
        "translate": "spemotes.emote.name.SPE_Diluc_Stand",
        "fallback": "Стойка Дилюка §5(§dМульти вселенная§5) §8(Genshin impact)"
    },
    "author": "SPEmotes",
    "description": {
        "translate": "spemotes.emote.description.SPE_Diluc_Stand",
        "fallback": "Я не люблю пустые разговоры. Дай знать, если понадобится помощь."
    },
    "emote": {
        "isLoop": "true",
        "returnTick": 12,
        "beginTick": 0,
        "endTick": 80,
        "stopTick": 81,
        "degrees": false,
        "moves": [
            {
                "tick": 10,
                "easing": "EASEINOUTQUAD",
                "turn": 0,
                "head": {
                    "y": -0.13778209686279297
                }
            },
            {
                "tick": 12,
                "easing": "EASEINOUTQUAD",
                "turn": 0,
                "head": {
                    "y": -0.2657957077026367
                }
            },
            {
                "tick": 46,
                "easing": "EASEINOUTQUAD",
                "turn": 0,
                "head": {
                    "y": -0.25560474395751953
                }
            },
            {
                "tick": 80,
                "easing": "EASEINOUTQUAD",
                "turn": 0,
                "head": {
                    "y": -0.2657957077026367
                }
            },
            {
                "tick": 10,
                "easing": "EASEINOUTQUAD",
                "turn": 0,
                "head": {
                    "z": -0.004586983472108841
                }
            },
            {
                "tick": 12,
                "easing": "EASEINOUTQUAD",
                "turn": 0,
                "head": {
                    "z": -0.03847575560212135
                }
            },
            {
                "tick": 46,
                "easing": "EASEINOUTQUAD",
                "turn": 0,
                "head": {
                    "z": 0.09438621997833252
                }
            },
            {
                "tick": 80,
                "easing": "EASEINOUTQUAD",
                "turn": 0,
                "head": {
                    "z": -0.03847575560212135
                }
            },
            {
                "tick": 10,
                "easing": "EASEINOUTQUAD",
                "turn": 0,
                "head": {
                    "x": -0.1692856401205063
                }
            },
            {
                "tick": 12,
                "easing": "EASEINOUTQUAD",
                "turn": 0,
                "head": {
                    "x": -0.1999020129442215
                }
            },
            {
                "tick": 46,
                "easing": "EASEINOUTQUAD",
                "turn": 0,
                "head": {
                    "x": -0.42037713527679443
                }
            },
            {
                "tick": 80,
                "easing": "EASEINOUTQUAD",
                "turn": 0,
                "head": {
                    "x": -0.1999020129442215
                }
            },
            {
                "tick": 10,
                "easing": "EASEINOUTQUAD",
                "turn": 0,
                "head": {
                    "yaw": 0.5808466076850891
                }
            },
            {
                "tick": 12,
                "easing": "EASEINOUTQUAD",
                "turn": 0,
                "head": {
                    "yaw": 0.5796360373497009
                }
            },
            {
                "tick": 46,
                "easing": "EASEINOUTQUAD",
                "turn": 0,
                "head": {
                    "yaw": 0.445083886384964
                }
            },
            {
                "tick": 80,
                "easing": "EASEINOUTQUAD",
                "turn": 0,
                "head": {
                    "yaw": 0.5796360373497009
                }
            },
            {
                "tick": 10,
                "easing": "EASEINOUTQUAD",
                "turn": 0,
                "head": {
                    "roll": -0.29075634479522705
                }
            },
            {
                "tick": 12,
                "easing": "EASEINOUTQUAD",
                "turn": 0,
                "head": {
                    "roll": -0.307249516248703
                }
            },
            {
                "tick": 46,
                "easing": "EASEINOUTQUAD",
                "turn": 0,
                "head": {
                    "roll": -0.39541926980018616
                }
            },
            {
                "tick": 80,
                "easing": "EASEINOUTQUAD",
                "turn": 0,
                "head": {
                    "roll": -0.307249516248703
                }
            },
            {
                "tick": 10,
                "easing": "EASEINOUTQUAD",
                "turn": 0,
                "head": {
                    "pitch": 0.015508685261011124
                }
            },
            {
                "tick": 12,
                "easing": "EASEINOUTQUAD",
                "turn": 0,
                "head": {
                    "pitch": 0.01446202490478754
                }
            },
            {
                "tick": 46,
                "easing": "EASEINOUTQUAD",
                "turn": 0,
                "head": {
                    "pitch": -0.10187916457653046
                }
            },
            {
                "tick": 80,
                "easing": "EASEINOUTQUAD",
                "turn": 0,
                "head": {
                    "pitch": 0.01446202490478754
                }
            },
            {
                "tick": 5,
                "easing": "EASEINOUTQUAD",
                "turn": 0,
                "torso": {
                    "yaw": 0.5893073081970215
                }
            },
            {
                "tick": 10,
                "easing": "EASEINOUTQUAD",
                "turn": 0,
                "torso": {
                    "yaw": 0.5539576411247253
                }
            },
            {
                "tick": 12,
                "easing": "EASEINOUTQUAD",
                "turn": 0,
                "torso": {
                    "yaw": 0.5539576411247253
                }
            },
            {
                "tick": 42,
                "easing": "EASEINOUTQUAD",
                "turn": 0,
                "torso": {
                    "yaw": 0.5329459309577942
                }
            },
            {
                "tick": 80,
                "easing": "EASEINOUTQUAD",
                "turn": 0,
                "torso": {
                    "yaw": 0.5539576411247253
                }
            },
            {
                "tick": 5,
                "easing": "EASEINOUTQUAD",
                "turn": 0,
                "torso": {
                    "roll": 0.257353812456131
                }
            },
            {
                "tick": 10,
                "easing": "EASEINOUTQUAD",
                "turn": 0,
                "torso": {
                    "roll": 0.332218199968338
                }
            },
            {
                "tick": 12,
                "easing": "EASEINOUTQUAD",
                "turn": 0,
                "torso": {
                    "roll": 0.332218199968338
                }
            },
            {
                "tick": 42,
                "easing": "EASEINOUTQUAD",
                "turn": 0,
                "torso": {
                    "roll": 0.3670315146446228
                }
            },
            {
                "tick": 80,
                "easing": "EASEINOUTQUAD",
                "turn": 0,
                "torso": {
                    "roll": 0.332218199968338
                }
            },
            {
                "tick": 5,
                "easing": "EASEINOUTQUAD",
                "turn": 0,
                "torso": {
                    "pitch": 0.4422615170478821
                }
            },
            {
                "tick": 10,
                "easing": "EASEINOUTQUAD",
                "turn": 0,
                "torso": {
                    "pitch": 0.5804641842842102
                }
            },
            {
                "tick": 12,
                "easing": "EASEINOUTQUAD",
                "turn": 0,
                "torso": {
                    "pitch": 0.5804641842842102
                }
            },
            {
                "tick": 42,
                "easing": "EASEINOUTQUAD",
                "turn": 0,
                "torso": {
                    "pitch": 0.6477668285369873
                }
            },
            {
                "tick": 80,
                "easing": "EASEINOUTQUAD",
                "turn": 0,
                "torso": {
                    "pitch": 0.5804641842842102
                }
            },
            {
                "tick": 5,
                "easing": "EASEINOUTQUAD",
                "turn": 0,
                "torso": {
                    "y": 0.0
                }
            },
            {
                "tick": 10,
                "easing": "EASEINOUTQUAD",
                "turn": 0,
                "torso": {
                    "y": -0.07594287395477295
                }
            },
            {
                "tick": 12,
                "easing": "EASEINOUTQUAD",
                "turn": 0,
                "torso": {
                    "y": -0.05145666003227234
                }
            },
            {
                "tick": 42,
                "easing": "EASEINOUTQUAD",
                "turn": 0,
                "torso": {
                    "y": -0.027567468583583832
                }
            },
            {
                "tick": 80,
                "easing": "EASEINOUTQUAD",
                "turn": 0,
                "torso": {
                    "y": -0.05145666003227234
                }
            },
            {
                "tick": 5,
                "easing": "EASEINOUTQUAD",
                "turn": 0,
                "torso": {
                    "x": 0.0
                }
            },
            {
                "tick": 10,
                "easing": "EASEINOUTQUAD",
                "turn": 0,
                "torso": {
                    "x": 0.0
                }
            },
            {
                "tick": 12,
                "easing": "EASEINOUTQUAD",
                "turn": 0,
                "torso": {
                    "x": 0.0
                }
            },
            {
                "tick": 42,
                "easing": "EASEINOUTQUAD",
                "turn": 0,
                "torso": {
                    "x": 0.0
                }
            },
            {
                "tick": 80,
                "easing": "EASEINOUTQUAD",
                "turn": 0,
                "torso": {
                    "x": 0.0
                }
            },
            {
                "tick": 5,
                "easing": "EASEINOUTQUAD",
                "turn": 0,
                "torso": {
                    "z": -0.0
                }
            },
            {
                "tick": 10,
                "easing": "EASEINOUTQUAD",
                "turn": 0,
                "torso": {
                    "z": -0.0
                }
            },
            {
                "tick": 12,
                "easing": "EASEINOUTQUAD",
                "turn": 0,
                "torso": {
                    "z": -0.0
                }
            },
            {
                "tick": 42,
                "easing": "EASEINOUTQUAD",
                "turn": 0,
                "torso": {
                    "z": -0.0
                }
            },
            {
                "tick": 80,
                "easing": "EASEINOUTQUAD",
                "turn": 0,
                "torso": {
                    "z": -0.0
                }
            },
            {
                "tick": 5,
                "easing": "EASEINOUTQUAD",
                "turn": 0,
                "torso": {
                    "bend": 0.23036007583141327
                }
            },
            {
                "tick": 10,
                "easing": "EASEINOUTQUAD",
                "turn": 0,
                "torso": {
                    "bend": 0.4995124340057373
                }
            },
            {
                "tick": 12,
                "easing": "EASEINOUTQUAD",
                "turn": 0,
                "torso": {
                    "bend": 0.4995124340057373
                }
            },
            {
                "tick": 48,
                "easing": "EASEINOUTQUAD",
                "turn": 0,
                "torso": {
                    "bend": 0.6421659588813782
                }
            },
            {
                "tick": 80,
                "easing": "EASEINOUTQUAD",
                "turn": 0,
                "torso": {
                    "bend": 0.4995124340057373
                }
            },
            {
                "tick": 5,
                "easing": "EASEINOUTQUAD",
                "turn": 0,
                "rightArm": {
                    "yaw": -0.18315836787223816
                }
            },
            {
                "tick": 10,
                "easing": "EASEINOUTQUAD",
                "turn": 0,
                "rightArm": {
                    "yaw": -0.3255782425403595
                }
            },
            {
                "tick": 12,
                "easing": "EASEINOUTQUAD",
                "turn": 0,
                "rightArm": {
                    "yaw": -0.3254672586917877
                }
            },
            {
                "tick": 44,
                "easing": "EASEINOUTQUAD",
                "turn": 0,
                "rightArm": {
                    "yaw": -0.3143864870071411
                }
            },
            {
                "tick": 80,
                "easing": "EASEINOUTQUAD",
                "turn": 0,
                "rightArm": {
                    "yaw": -0.3254672586917877
                }
            },
            {
                "tick": 5,
                "easing": "EASEINOUTQUAD",
                "turn": 0,
                "rightArm": {
                    "roll": 0.17763660848140717
                }
            },
            {
                "tick": 10,
                "easing": "EASEINOUTQUAD",
                "turn": 0,
                "rightArm": {
                    "roll": 0.6701223254203796
                }
            },
            {
                "tick": 12,
                "easing": "EASEINOUTQUAD",
                "turn": 0,
                "rightArm": {
                    "roll": 0.7071917057037354
                }
            },
            {
                "tick": 44,
                "easing": "EASEINOUTQUAD",
                "turn": 0,
                "rightArm": {
                    "roll": 0.8930376172065735
                }
            },
            {
                "tick": 80,
                "easing": "EASEINOUTQUAD",
                "turn": 0,
                "rightArm": {
                    "roll": 0.7071917057037354
                }
            },
            {
                "tick": 5,
                "easing": "EASEINOUTQUAD",
                "turn": 0,
                "rightArm": {
                    "y": 0.47942638397216797
                }
            },
            {
                "tick": 10,
                "easing": "EASEINOUTQUAD",
                "turn": 0,
                "rightArm": {
                    "y": 2.9142446517944336
                }
            },
            {
                "tick": 12,
                "easing": "EASEINOUTQUAD",
                "turn": 0,
                "rightArm": {
                    "y": 2.705592155456543
                }
            },
            {
                "tick": 44,
                "easing": "EASEINOUTQUAD",
                "turn": 0,
                "rightArm": {
                    "y": 2.2773313522338867
                }
            },
            {
                "tick": 80,
                "easing": "EASEINOUTQUAD",
                "turn": 0,
                "rightArm": {
                    "y": 2.705592155456543
                }
            },
            {
                "tick": 5,
                "easing": "EASEINOUTQUAD",
                "turn": 0,
                "rightArm": {
                    "z": -3.802560329437256
                }
            },
            {
                "tick": 10,
                "easing": "EASEINOUTQUAD",
                "turn": 0,
                "rightArm": {
                    "z": -4.4564900398254395
                }
            },
            {
                "tick": 12,
                "easing": "EASEINOUTQUAD",
                "turn": 0,
                "rightArm": {
                    "z": -4.496536731719971
                }
            },
            {
                "tick": 44,
                "easing": "EASEINOUTQUAD",
                "turn": 0,
                "rightArm": {
                    "z": -4.640473365783691
                }
            },
            {
                "tick": 80,
                "easing": "EASEINOUTQUAD",
                "turn": 0,
                "rightArm": {
                    "z": -4.496536731719971
                }
            },
            {
                "tick": 5,
                "easing": "EASEINOUTQUAD",
                "turn": 0,
                "rightArm": {
                    "x": -3.0034871101379395
                }
            },
            {
                "tick": 10,
                "easing": "EASEINOUTQUAD",
                "turn": 0,
                "rightArm": {
                    "x": -2.137255907058716
                }
            },
            {
                "tick": 12,
                "easing": "EASEINOUTQUAD",
                "turn": 0,
                "rightArm": {
                    "x": -1.7553602457046509
                }
            },
            {
                "tick": 44,
                "easing": "EASEINOUTQUAD",
                "turn": 0,
                "rightArm": {
                    "x": -1.5429790019989014
                }
            },
            {
                "tick": 80,
                "easing": "EASEINOUTQUAD",
                "turn": 0,
                "rightArm": {
                    "x": -1.7553602457046509
                }
            },
            {
                "tick": 5,
                "easing": "EASEINOUTQUAD",
                "turn": 0,
                "rightArm": {
                    "pitch": -2.102673292160034
                }
            },
            {
                "tick": 10,
                "easing": "EASEINOUTQUAD",
                "turn": 0,
                "rightArm": {
                    "pitch": -1.5979866981506348
                }
            },
            {
                "tick": 12,
                "easing": "EASEINOUTQUAD",
                "turn": 0,
                "rightArm": {
                    "pitch": -1.600765347480774
                }
            },
            {
                "tick": 44,
                "easing": "EASEINOUTQUAD",
                "turn": 0,
                "rightArm": {
                    "pitch": -1.876649260520935
                }
            },
            {
                "tick": 80,
                "easing": "EASEINOUTQUAD",
                "turn": 0,
                "rightArm": {
                    "pitch": -1.600765347480774
                }
            },
            {
                "tick": 5,
                "easing": "EASEINOUTQUAD",
                "turn": 0,
                "rightArm": {
                    "bend": -0.6925442814826965
                }
            },
            {
                "tick": 10,
                "easing": "EASEINOUTQUAD",
                "turn": 0,
                "rightArm": {
                    "bend": -1.319601058959961
                }
            },
            {
                "tick": 80,
                "easing": "EASEINOUTQUAD",
                "turn": 0,
                "rightArm": {
                    "bend": -1.319601058959961
                }
            },
            {
                "tick": 5,
                "easing": "EASEINOUTQUAD",
                "turn": 0,
                "leftArm": {
                    "roll": -0.638670802116394
                }
            },
            {
                "tick": 10,
                "easing": "EASEINOUTQUAD",
                "turn": 0,
                "leftArm": {
                    "roll": -0.16020408272743225
                }
            },
            {
                "tick": 12,
                "easing": "EASEINOUTQUAD",
                "turn": 0,
                "leftArm": {
                    "roll": -0.15496167540550232
                }
            },
            {
                "tick": 44,
                "easing": "EASEINOUTQUAD",
                "turn": 0,
                "leftArm": {
                    "roll": -0.12867872416973114
                }
            },
            {
                "tick": 80,
                "easing": "EASEINOUTQUAD",
                "turn": 0,
                "leftArm": {
                    "roll": -0.15496167540550232
                }
            },
            {
                "tick": 5,
                "easing": "EASEINOUTQUAD",
                "turn": 0,
                "leftArm": {
                    "yaw": 0.1626591682434082
                }
            },
            {
                "tick": 10,
                "easing": "EASEINOUTQUAD",
                "turn": 0,
                "leftArm": {
                    "yaw": 0.40731149911880493
                }
            },
            {
                "tick": 12,
                "easing": "EASEINOUTQUAD",
                "turn": 0,
                "leftArm": {
                    "yaw": 0.40455859899520874
                }
            },
            {
                "tick": 44,
                "easing": "EASEINOUTQUAD",
                "turn": 0,
                "leftArm": {
                    "yaw": 0.13132447004318237
                }
            },
            {
                "tick": 80,
                "easing": "EASEINOUTQUAD",
                "turn": 0,
                "leftArm": {
                    "yaw": 0.40455859899520874
                }
            },
            {
                "tick": 5,
                "easing": "EASEINOUTQUAD",
                "turn": 0,
                "leftArm": {
                    "pitch": -2.6417524814605713
                }
            },
            {
                "tick": 10,
                "easing": "EASEINOUTQUAD",
                "turn": 0,
                "leftArm": {
                    "pitch": -1.2617993354797363
                }
            },
            {
                "tick": 12,
                "easing": "EASEINOUTQUAD",
                "turn": 0,
                "leftArm": {
                    "pitch": -1.2625764608383179
                }
            },
            {
                "tick": 44,
                "easing": "EASEINOUTQUAD",
                "turn": 0,
                "leftArm": {
                    "pitch": -1.339717984199524
                }
            },
            {
                "tick": 80,
                "easing": "EASEINOUTQUAD",
                "turn": 0,
                "leftArm": {
                    "pitch": -1.2625764608383179
                }
            },
            {
                "tick": 5,
                "easing": "EASEINOUTQUAD",
                "turn": 0,
                "leftArm": {
                    "y": 1.1045589447021484
                }
            },
            {
                "tick": 10,
                "easing": "EASEINOUTQUAD",
                "turn": 0,
                "leftArm": {
                    "y": 2.938206672668457
                }
            },
            {
                "tick": 12,
                "easing": "EASEINOUTQUAD",
                "turn": 0,
                "leftArm": {
                    "y": 2.8049163818359375
                }
            },
            {
                "tick": 44,
                "easing": "EASEINOUTQUAD",
                "turn": 0,
                "leftArm": {
                    "y": 2.5976648330688477
                }
            },
            {
                "tick": 80,
                "easing": "EASEINOUTQUAD",
                "turn": 0,
                "leftArm": {
                    "y": 2.8049163818359375
                }
            },
            {
                "tick": 5,
                "easing": "EASEINOUTQUAD",
                "turn": 0,
                "leftArm": {
                    "z": -4.2171854972839355
                }
            },
            {
                "tick": 10,
                "easing": "EASEINOUTQUAD",
                "turn": 0,
                "leftArm": {
                    "z": -3.322489023208618
                }
            },
            {
                "tick": 12,
                "easing": "EASEINOUTQUAD",
                "turn": 0,
                "leftArm": {
                    "z": -2.9547863006591797
                }
            },
            {
                "tick": 44,
                "easing": "EASEINOUTQUAD",
                "turn": 0,
                "leftArm": {
                    "z": -2.5834667682647705
                }
            },
            {
                "tick": 80,
                "easing": "EASEINOUTQUAD",
                "turn": 0,
                "leftArm": {
                    "z": -2.9547863006591797
                }
            },
            {
                "tick": 5,
                "easing": "EASEINOUTQUAD",
                "turn": 0,
                "leftArm": {
                    "x": 3.9635009765625
                }
            },
            {
                "tick": 10,
                "easing": "EASEINOUTQUAD",
                "turn": 0,
                "leftArm": {
                    "x": 4.890803813934326
                }
            },
            {
                "tick": 12,
                "easing": "EASEINOUTQUAD",
                "turn": 0,
                "leftArm": {
                    "x": 5.208642482757568
                }
            },
            {
                "tick": 44,
                "easing": "EASEINOUTQUAD",
                "turn": 0,
                "leftArm": {
                    "x": 5.561237335205078
                }
            },
            {
                "tick": 80,
                "easing": "EASEINOUTQUAD",
                "turn": 0,
                "leftArm": {
                    "x": 5.208642482757568
                }
            },
            {
                "tick": 10,
                "easing": "EASEINOUTQUAD",
                "turn": 0,
                "leftArm": {
                    "bend": -1.3408771753311157
                }
            },
            {
                "tick": 80,
                "easing": "EASEINOUTQUAD",
                "turn": 0,
                "leftArm": {
                    "bend": -1.3408771753311157
                }
            },
            {
                "tick": 5,
                "easing": "EASEINOUTQUAD",
                "turn": 0,
                "rightLeg": {
                    "yaw": 0.1859579235315323
                }
            },
            {
                "tick": 10,
                "easing": "EASEINOUTQUAD",
                "turn": 0,
                "rightLeg": {
                    "yaw": 0.11653243750333786
                }
            },
            {
                "tick": 12,
                "easing": "EASEINOUTQUAD",
                "turn": 0,
                "rightLeg": {
                    "yaw": 0.11653243750333786
                }
            },
            {
                "tick": 42,
                "easing": "EASEINOUTQUAD",
                "turn": 0,
                "rightLeg": {
                    "yaw": 0.09533417969942093
                }
            },
            {
                "tick": 80,
                "easing": "EASEINOUTQUAD",
                "turn": 0,
                "rightLeg": {
                    "yaw": 0.11653243750333786
                }
            },
            {
                "tick": 5,
                "easing": "EASEINOUTQUAD",
                "turn": 0,
                "rightLeg": {
                    "roll": 0.38420870900154114
                }
            },
            {
                "tick": 10,
                "easing": "EASEINOUTQUAD",
                "turn": 0,
                "rightLeg": {
                    "roll": 0.3489362597465515
                }
            },
            {
                "tick": 12,
                "easing": "EASEINOUTQUAD",
                "turn": 0,
                "rightLeg": {
                    "roll": 0.3489362597465515
                }
            },
            {
                "tick": 42,
                "easing": "EASEINOUTQUAD",
                "turn": 0,
                "rightLeg": {
                    "roll": 0.30686619877815247
                }
            },
            {
                "tick": 80,
                "easing": "EASEINOUTQUAD",
                "turn": 0,
                "rightLeg": {
                    "roll": 0.3489362597465515
                }
            },
            {
                "tick": 5,
                "easing": "EASEINOUTQUAD",
                "turn": 0,
                "rightLeg": {
                    "pitch": 0.015802910551428795
                }
            },
            {
                "tick": 10,
                "easing": "EASEINOUTQUAD",
                "turn": 0,
                "rightLeg": {
                    "pitch": 0.10599501430988312
                }
            },
            {
                "tick": 12,
                "easing": "EASEINOUTQUAD",
                "turn": 0,
                "rightLeg": {
                    "pitch": 0.10599501430988312
                }
            },
            {
                "tick": 42,
                "easing": "EASEINOUTQUAD",
                "turn": 0,
                "rightLeg": {
                    "pitch": 0.16863928735256195
                }
            },
            {
                "tick": 80,
                "easing": "EASEINOUTQUAD",
                "turn": 0,
                "rightLeg": {
                    "pitch": 0.10599501430988312
                }
            },
            {
                "tick": 5,
                "easing": "EASEINOUTQUAD",
                "turn": 0,
                "rightLeg": {
                    "x": -2.789156103134155
                }
            },
            {
                "tick": 10,
                "easing": "EASEINOUTQUAD",
                "turn": 0,
                "rightLeg": {
                    "x": -2.368618631362915
                }
            },
            {
                "tick": 12,
                "easing": "EASEINOUTQUAD",
                "turn": 0,
                "rightLeg": {
                    "x": -2.219700241088867
                }
            },
            {
                "tick": 42,
                "easing": "EASEINOUTQUAD",
                "turn": 0,
                "rightLeg": {
                    "x": -2.095817232131958
                }
            },
            {
                "tick": 80,
                "easing": "EASEINOUTQUAD",
                "turn": 0,
                "rightLeg": {
                    "x": -2.219700241088867
                }
            },
            {
                "tick": 5,
                "easing": "EASEINOUTQUAD",
                "turn": 0,
                "rightLeg": {
                    "y": 13.497912883758545
                }
            },
            {
                "tick": 10,
                "easing": "EASEINOUTQUAD",
                "turn": 0,
                "rightLeg": {
                    "y": 12.247699409723282
                }
            },
            {
                "tick": 12,
                "easing": "EASEINOUTQUAD",
                "turn": 0,
                "rightLeg": {
                    "y": 12.722629606723785
                }
            },
            {
                "tick": 42,
                "easing": "EASEINOUTQUAD",
                "turn": 0,
                "rightLeg": {
                    "y": 13.06505811214447
                }
            },
            {
                "tick": 80,
                "easing": "EASEINOUTQUAD",
                "turn": 0,
                "rightLeg": {
                    "y": 12.722629606723785
                }
            },
            {
                "tick": 5,
                "easing": "EASEINOUTQUAD",
                "turn": 0,
                "rightLeg": {
                    "z": 1.5484221935272218
                }
            },
            {
                "tick": 10,
                "easing": "EASEINOUTQUAD",
                "turn": 0,
                "rightLeg": {
                    "z": 1.069450354576111
                }
            },
            {
                "tick": 12,
                "easing": "EASEINOUTQUAD",
                "turn": 0,
                "rightLeg": {
                    "z": 1.2707662343978883
                }
            },
            {
                "tick": 42,
                "easing": "EASEINOUTQUAD",
                "turn": 0,
                "rightLeg": {
                    "z": 1.4382378816604615
                }
            },
            {
                "tick": 80,
                "easing": "EASEINOUTQUAD",
                "turn": 0,
                "rightLeg": {
                    "z": 1.2707662343978883
                }
            },
            {
                "tick": 5,
                "easing": "EASEINOUTQUAD",
                "turn": 0,
                "rightLeg": {
                    "bend": 0.38490551710128784
                }
            },
            {
                "tick": 80,
                "easing": "EASEINOUTQUAD",
                "turn": 0,
                "rightLeg": {
                    "bend": 0.38490551710128784
                }
            },
            {
                "tick": 5,
                "easing": "EASEINOUTQUAD",
                "turn": 0,
                "leftLeg": {
                    "yaw": -0.47087377309799194
                }
            },
            {
                "tick": 10,
                "easing": "EASEINOUTQUAD",
                "turn": 0,
                "leftLeg": {
                    "yaw": -0.5412364602088928
                }
            },
            {
                "tick": 12,
                "easing": "EASEINOUTQUAD",
                "turn": 0,
                "leftLeg": {
                    "yaw": -0.5412364602088928
                }
            },
            {
                "tick": 42,
                "easing": "EASEINOUTQUAD",
                "turn": 0,
                "leftLeg": {
                    "yaw": -0.5167107582092285
                }
            },
            {
                "tick": 80,
                "easing": "EASEINOUTQUAD",
                "turn": 0,
                "leftLeg": {
                    "yaw": -0.5412364602088928
                }
            },
            {
                "tick": 5,
                "easing": "EASEINOUTQUAD",
                "turn": 0,
                "leftLeg": {
                    "roll": -0.4009743928909302
                }
            },
            {
                "tick": 10,
                "easing": "EASEINOUTQUAD",
                "turn": 0,
                "leftLeg": {
                    "roll": -0.551327109336853
                }
            },
            {
                "tick": 12,
                "easing": "EASEINOUTQUAD",
                "turn": 0,
                "leftLeg": {
                    "roll": -0.551327109336853
                }
            },
            {
                "tick": 42,
                "easing": "EASEINOUTQUAD",
                "turn": 0,
                "leftLeg": {
                    "roll": -0.6155317425727844
                }
            },
            {
                "tick": 80,
                "easing": "EASEINOUTQUAD",
                "turn": 0,
                "leftLeg": {
                    "roll": -0.551327109336853
                }
            },
            {
                "tick": 5,
                "easing": "EASEINOUTQUAD",
                "turn": 0,
                "leftLeg": {
                    "pitch": -0.22631941735744476
                }
            },
            {
                "tick": 10,
                "easing": "EASEINOUTQUAD",
                "turn": 0,
                "leftLeg": {
                    "pitch": -0.40500104427337646
                }
            },
            {
                "tick": 12,
                "easing": "EASEINOUTQUAD",
                "turn": 0,
                "leftLeg": {
                    "pitch": -0.40500104427337646
                }
            },
            {
                "tick": 42,
                "easing": "EASEINOUTQUAD",
                "turn": 0,
                "leftLeg": {
                    "pitch": -0.21321441233158112
                }
            },
            {
                "tick": 80,
                "easing": "EASEINOUTQUAD",
                "turn": 0,
                "leftLeg": {
                    "pitch": -0.40500104427337646
                }
            },
            {
                "tick": 5,
                "easing": "EASEINOUTQUAD",
                "turn": 0,
                "leftLeg": {
                    "y": 12.684028267860413
                }
            },
            {
                "tick": 10,
                "easing": "EASEINOUTQUAD",
                "turn": 0,
                "leftLeg": {
                    "y": 12.598222136497498
                }
            },
            {
                "tick": 12,
                "easing": "EASEINOUTQUAD",
                "turn": 0,
                "leftLeg": {
                    "y": 12.957805573940277
                }
            },
            {
                "tick": 42,
                "easing": "EASEINOUTQUAD",
                "turn": 0,
                "leftLeg": {
                    "y": 12.8206986784935
                }
            },
            {
                "tick": 80,
                "easing": "EASEINOUTQUAD",
                "turn": 0,
                "leftLeg": {
                    "y": 12.957805573940277
                }
            },
            {
                "tick": 5,
                "easing": "EASEINOUTQUAD",
                "turn": 0,
                "leftLeg": {
                    "z": -1.8515504360198975
                }
            },
            {
                "tick": 10,
                "easing": "EASEINOUTQUAD",
                "turn": 0,
                "leftLeg": {
                    "z": -1.10563383102417
                }
            },
            {
                "tick": 12,
                "easing": "EASEINOUTQUAD",
                "turn": 0,
                "leftLeg": {
                    "z": -0.953211760520935
                }
            },
            {
                "tick": 42,
                "easing": "EASEINOUTQUAD",
                "turn": 0,
                "leftLeg": {
                    "z": -1.351380205154419
                }
            },
            {
                "tick": 80,
                "easing": "EASEINOUTQUAD",
                "turn": 0,
                "leftLeg": {
                    "z": -0.953211760520935
                }
            },
            {
                "tick": 5,
                "easing": "EASEINOUTQUAD",
                "turn": 0,
                "leftLeg": {
                    "x": 3.2730499744415282
                }
            },
            {
                "tick": 10,
                "easing": "EASEINOUTQUAD",
                "turn": 0,
                "leftLeg": {
                    "x": 2.188604497909546
                }
            },
            {
                "tick": 12,
                "easing": "EASEINOUTQUAD",
                "turn": 0,
                "leftLeg": {
                    "x": 2.3013550281524657
                }
            },
            {
                "tick": 42,
                "easing": "EASEINOUTQUAD",
                "turn": 0,
                "leftLeg": {
                    "x": 2.6993698120117187
                }
            },
            {
                "tick": 80,
                "easing": "EASEINOUTQUAD",
                "turn": 0,
                "leftLeg": {
                    "x": 2.3013550281524657
                }
            },
            {
                "tick": 5,
                "easing": "EASEINOUTQUAD",
                "turn": 0,
                "leftLeg": {
                    "bend": 0.5161490440368652
                }
            },
            {
                "tick": 10,
                "easing": "EASEINOUTQUAD",
                "turn": 0,
                "leftLeg": {
                    "bend": 0.8419778943061829
                }
            },
            {
                "tick": 12,
                "easing": "EASEINOUTQUAD",
                "turn": 0,
                "leftLeg": {
                    "bend": 0.8419778943061829
                }
            },
            {
                "tick": 42,
                "easing": "EASEINOUTQUAD",
                "turn": 0,
                "leftLeg": {
                    "bend": 0.7254007458686829
                }
            },
            {
                "tick": 80,
                "easing": "EASEINOUTQUAD",
                "turn": 0,
                "leftLeg": {
                    "bend": 0.8419778943061829
                }
            }
        ]
    }
}