{
    "name": {
        "translate": "spemotes.emote.name.SPE_Drink_some_water",
        "fallback": "Выпить воды"
    },
    "author": "SPEmotes",
    "description": {
        "translate": "spemotes.emote.description.SPE_Drink_some_water",
        "fallback": "Эх, освежающая!"
    },
    "emote": {
        "isLoop": "false",
        "returnTick": 2,
        "beginTick": 0,
        "endTick": 125,
        "stopTick": 126,
        "degrees": false,
        "moves": [
            {
                "tick": 15,
                "easing": "EASEINOUTQUAD",
                "turn": 0,
                "head": {
                    "y": -0.0
                }
            },
            {
                "tick": 35,
                "easing": "EASEINOUTQUAD",
                "turn": 0,
                "head": {
                    "y": -0.0
                }
            },
            {
                "tick": 47,
                "easing": "EASEINOUTQUAD",
                "turn": 0,
                "head": {
                    "y": -0.0
                }
            },
            {
                "tick": 50,
                "easing": "EASEINOUTQUAD",
                "turn": 0,
                "head": {
                    "y": -0.5322561264038086
                }
            },
            {
                "tick": 53,
                "easing": "EASEINOUTQUAD",
                "turn": 0,
                "head": {
                    "y": -0.12274456024169922
                }
            },
            {
                "tick": 56,
                "easing": "EASEINOUTQUAD",
                "turn": 0,
                "head": {
                    "y": -0.4914522171020508
                }
            },
            {
                "tick": 59,
                "easing": "EASEINOUTQUAD",
                "turn": 0,
                "head": {
                    "y": -0.12274742126464844
                }
            },
            {
                "tick": 62,
                "easing": "EASEINOUTQUAD",
                "turn": 0,
                "head": {
                    "y": -0.5700931549072266
                }
            },
            {
                "tick": 65,
                "easing": "EASEINOUTQUAD",
                "turn": 0,
                "head": {
                    "y": -0.24073028564453125
                }
            },
            {
                "tick": 68,
                "easing": "EASEINOUTQUAD",
                "turn": 0,
                "head": {
                    "y": -0.6593332290649414
                }
            },
            {
                "tick": 71,
                "easing": "EASEINOUTQUAD",
                "turn": 0,
                "head": {
                    "y": -0.020035743713378906
                }
            },
            {
                "tick": 74,
                "easing": "EASEINOUTQUAD",
                "turn": 0,
                "head": {
                    "y": -0.5824432373046875
                }
            },
            {
                "tick": 77,
                "easing": "EASEINOUTQUAD",
                "turn": 0,
                "head": {
                    "y": 0.019249916076660156
                }
            },
            {
                "tick": 80,
                "easing": "EASEINOUTQUAD",
                "turn": 0,
                "head": {
                    "y": -0.4798765182495117
                }
            },
            {
                "tick": 95,
                "easing": "EASEINOUTQUAD",
                "turn": 0,
                "head": {
                    "y": -0.4798765182495117
                }
            },
            {
                "tick": 110,
                "easing": "EASEINOUTQUAD",
                "turn": 0,
                "head": {
                    "y": -0.4798765182495117
                }
            },
            {
                "tick": 125,
                "easing": "EASEINOUTQUAD",
                "turn": 0,
                "head": {
                    "y": -0.0
                }
            },
            {
                "tick": 15,
                "easing": "EASEINOUTQUAD",
                "turn": 0,
                "head": {
                    "z": -0.0
                }
            },
            {
                "tick": 35,
                "easing": "EASEINOUTQUAD",
                "turn": 0,
                "head": {
                    "z": -0.0
                }
            },
            {
                "tick": 47,
                "easing": "EASEINOUTQUAD",
                "turn": 0,
                "head": {
                    "z": -0.0
                }
            },
            {
                "tick": 50,
                "easing": "EASEINOUTQUAD",
                "turn": 0,
                "head": {
                    "z": -0.0
                }
            },
            {
                "tick": 53,
                "easing": "EASEINOUTQUAD",
                "turn": 0,
                "head": {
                    "z": -0.0
                }
            },
            {
                "tick": 56,
                "easing": "EASEINOUTQUAD",
                "turn": 0,
                "head": {
                    "z": -0.0
                }
            },
            {
                "tick": 59,
                "easing": "EASEINOUTQUAD",
                "turn": 0,
                "head": {
                    "z": -0.0
                }
            },
            {
                "tick": 62,
                "easing": "EASEINOUTQUAD",
                "turn": 0,
                "head": {
                    "z": -0.0
                }
            },
            {
                "tick": 65,
                "easing": "EASEINOUTQUAD",
                "turn": 0,
                "head": {
                    "z": -0.0
                }
            },
            {
                "tick": 68,
                "easing": "EASEINOUTQUAD",
                "turn": 0,
                "head": {
                    "z": -0.0
                }
            },
            {
                "tick": 71,
                "easing": "EASEINOUTQUAD",
                "turn": 0,
                "head": {
                    "z": -0.0
                }
            },
            {
                "tick": 74,
                "easing": "EASEINOUTQUAD",
                "turn": 0,
                "head": {
                    "z": -0.0
                }
            },
            {
                "tick": 77,
                "easing": "EASEINOUTQUAD",
                "turn": 0,
                "head": {
                    "z": -0.0
                }
            },
            {
                "tick": 80,
                "easing": "EASEINOUTQUAD",
                "turn": 0,
                "head": {
                    "z": -0.0
                }
            },
            {
                "tick": 95,
                "easing": "EASEINOUTQUAD",
                "turn": 0,
                "head": {
                    "z": -0.0
                }
            },
            {
                "tick": 110,
                "easing": "EASEINOUTQUAD",
                "turn": 0,
                "head": {
                    "z": -0.0
                }
            },
            {
                "tick": 125,
                "easing": "EASEINOUTQUAD",
                "turn": 0,
                "head": {
                    "z": -0.0
                }
            },
            {
                "tick": 15,
                "easing": "EASEINOUTQUAD",
                "turn": 0,
                "head": {
                    "x": -0.0
                }
            },
            {
                "tick": 35,
                "easing": "EASEINOUTQUAD",
                "turn": 0,
                "head": {
                    "x": -0.0
                }
            },
            {
                "tick": 47,
                "easing": "EASEINOUTQUAD",
                "turn": 0,
                "head": {
                    "x": -0.0
                }
            },
            {
                "tick": 50,
                "easing": "EASEINOUTQUAD",
                "turn": 0,
                "head": {
                    "x": 4.957023680418615e-10
                }
            },
            {
                "tick": 53,
                "easing": "EASEINOUTQUAD",
                "turn": 0,
                "head": {
                    "x": 1.1431494639779771e-10
                }
            },
            {
                "tick": 56,
                "easing": "EASEINOUTQUAD",
                "turn": 0,
                "head": {
                    "x": 4.5770076617657196e-10
                }
            },
            {
                "tick": 59,
                "easing": "EASEINOUTQUAD",
                "turn": 0,
                "head": {
                    "x": 1.1431733337730066e-10
                }
            },
            {
                "tick": 62,
                "easing": "EASEINOUTQUAD",
                "turn": 0,
                "head": {
                    "x": 5.309402917319517e-10
                }
            },
            {
                "tick": 65,
                "easing": "EASEINOUTQUAD",
                "turn": 0,
                "head": {
                    "x": 2.2419707756959895e-10
                }
            },
            {
                "tick": 68,
                "easing": "EASEINOUTQUAD",
                "turn": 0,
                "head": {
                    "x": 6.140521424669032e-10
                }
            },
            {
                "tick": 71,
                "easing": "EASEINOUTQUAD",
                "turn": 0,
                "head": {
                    "x": 1.865962939717747e-11
                }
            },
            {
                "tick": 74,
                "easing": "EASEINOUTQUAD",
                "turn": 0,
                "head": {
                    "x": 5.424428684008831e-10
                }
            },
            {
                "tick": 77,
                "easing": "EASEINOUTQUAD",
                "turn": 0,
                "head": {
                    "x": -1.7927326290134715e-11
                }
            },
            {
                "tick": 80,
                "easing": "EASEINOUTQUAD",
                "turn": 0,
                "head": {
                    "x": 4.469194458955883e-10
                }
            },
            {
                "tick": 95,
                "easing": "EASEINOUTQUAD",
                "turn": 0,
                "head": {
                    "x": 4.469194458955883e-10
                }
            },
            {
                "tick": 110,
                "easing": "EASEINOUTQUAD",
                "turn": 0,
                "head": {
                    "x": 4.469194458955883e-10
                }
            },
            {
                "tick": 125,
                "easing": "EASEINOUTQUAD",
                "turn": 0,
                "head": {
                    "x": -0.0
                }
            },
            {
                "tick": 15,
                "easing": "EASEINOUTQUAD",
                "turn": 0,
                "head": {
                    "yaw": 0.06876762211322784
                }
            },
            {
                "tick": 35,
                "easing": "EASEINOUTQUAD",
                "turn": 0,
                "head": {
                    "yaw": 0.1058293879032135
                }
            },
            {
                "tick": 47,
                "easing": "EASEINOUTQUAD",
                "turn": 0,
                "head": {
                    "yaw": 0.43426114320755005
                }
            },
            {
                "tick": 50,
                "easing": "EASEINOUTQUAD",
                "turn": 0,
                "head": {
                    "yaw": 0.43426114320755005
                }
            },
            {
                "tick": 53,
                "easing": "EASEINOUTQUAD",
                "turn": 0,
                "head": {
                    "yaw": 0.43426114320755005
                }
            },
            {
                "tick": 56,
                "easing": "EASEINOUTQUAD",
                "turn": 0,
                "head": {
                    "yaw": 0.43426114320755005
                }
            },
            {
                "tick": 59,
                "easing": "EASEINOUTQUAD",
                "turn": 0,
                "head": {
                    "yaw": 0.43426114320755005
                }
            },
            {
                "tick": 62,
                "easing": "EASEINOUTQUAD",
                "turn": 0,
                "head": {
                    "yaw": 0.43426114320755005
                }
            },
            {
                "tick": 65,
                "easing": "EASEINOUTQUAD",
                "turn": 0,
                "head": {
                    "yaw": 0.43426114320755005
                }
            },
            {
                "tick": 68,
                "easing": "EASEINOUTQUAD",
                "turn": 0,
                "head": {
                    "yaw": 0.43426114320755005
                }
            },
            {
                "tick": 71,
                "easing": "EASEINOUTQUAD",
                "turn": 0,
                "head": {
                    "yaw": 0.43426114320755005
                }
            },
            {
                "tick": 74,
                "easing": "EASEINOUTQUAD",
                "turn": 0,
                "head": {
                    "yaw": 0.43426114320755005
                }
            },
            {
                "tick": 77,
                "easing": "EASEINOUTQUAD",
                "turn": 0,
                "head": {
                    "yaw": 0.43426114320755005
                }
            },
            {
                "tick": 80,
                "easing": "EASEINOUTQUAD",
                "turn": 0,
                "head": {
                    "yaw": 0.43426114320755005
                }
            },
            {
                "tick": 95,
                "easing": "EASEINOUTQUAD",
                "turn": 0,
                "head": {
                    "yaw": -0.31823453307151794
                }
            },
            {
                "tick": 110,
                "easing": "EASEINOUTQUAD",
                "turn": 0,
                "head": {
                    "yaw": -0.052646465599536896
                }
            },
            {
                "tick": 125,
                "easing": "EASEINOUTQUAD",
                "turn": 0,
                "head": {
                    "yaw": -0.0
                }
            },
            {
                "tick": 15,
                "easing": "EASEINOUTQUAD",
                "turn": 0,
                "head": {
                    "roll": -0.017351403832435608
                }
            },
            {
                "tick": 35,
                "easing": "EASEINOUTQUAD",
                "turn": 0,
                "head": {
                    "roll": -0.027853788807988167
                }
            },
            {
                "tick": 47,
                "easing": "EASEINOUTQUAD",
                "turn": 0,
                "head": {
                    "roll": -0.1262434870004654
                }
            },
            {
                "tick": 50,
                "easing": "EASEINOUTQUAD",
                "turn": 0,
                "head": {
                    "roll": -0.1262434870004654
                }
            },
            {
                "tick": 53,
                "easing": "EASEINOUTQUAD",
                "turn": 0,
                "head": {
                    "roll": -0.1262434870004654
                }
            },
            {
                "tick": 56,
                "easing": "EASEINOUTQUAD",
                "turn": 0,
                "head": {
                    "roll": -0.1262434870004654
                }
            },
            {
                "tick": 59,
                "easing": "EASEINOUTQUAD",
                "turn": 0,
                "head": {
                    "roll": -0.1262434870004654
                }
            },
            {
                "tick": 62,
                "easing": "EASEINOUTQUAD",
                "turn": 0,
                "head": {
                    "roll": -0.1262434870004654
                }
            },
            {
                "tick": 65,
                "easing": "EASEINOUTQUAD",
                "turn": 0,
                "head": {
                    "roll": -0.1262434870004654
                }
            },
            {
                "tick": 68,
                "easing": "EASEINOUTQUAD",
                "turn": 0,
                "head": {
                    "roll": -0.1262434870004654
                }
            },
            {
                "tick": 71,
                "easing": "EASEINOUTQUAD",
                "turn": 0,
                "head": {
                    "roll": -0.1262434870004654
                }
            },
            {
                "tick": 74,
                "easing": "EASEINOUTQUAD",
                "turn": 0,
                "head": {
                    "roll": -0.1262434870004654
                }
            },
            {
                "tick": 77,
                "easing": "EASEINOUTQUAD",
                "turn": 0,
                "head": {
                    "roll": -0.1262434870004654
                }
            },
            {
                "tick": 80,
                "easing": "EASEINOUTQUAD",
                "turn": 0,
                "head": {
                    "roll": -0.1262434870004654
                }
            },
            {
                "tick": 95,
                "easing": "EASEINOUTQUAD",
                "turn": 0,
                "head": {
                    "roll": 0.10777517408132553
                }
            },
            {
                "tick": 110,
                "easing": "EASEINOUTQUAD",
                "turn": 0,
                "head": {
                    "roll": 0.048951245844364166
                }
            },
            {
                "tick": 125,
                "easing": "EASEINOUTQUAD",
                "turn": 0,
                "head": {
                    "roll": 0.0
                }
            },
            {
                "tick": 15,
                "easing": "EASEINOUTQUAD",
                "turn": 0,
                "head": {
                    "pitch": 0.09877392649650574
                }
            },
            {
                "tick": 35,
                "easing": "EASEINOUTQUAD",
                "turn": 0,
                "head": {
                    "pitch": 0.12059663981199265
                }
            },
            {
                "tick": 47,
                "easing": "EASEINOUTQUAD",
                "turn": 0,
                "head": {
                    "pitch": -0.27286335825920105
                }
            },
            {
                "tick": 50,
                "easing": "EASEINOUTQUAD",
                "turn": 0,
                "head": {
                    "pitch": -0.27286335825920105
                }
            },
            {
                "tick": 53,
                "easing": "EASEINOUTQUAD",
                "turn": 0,
                "head": {
                    "pitch": -0.27286335825920105
                }
            },
            {
                "tick": 56,
                "easing": "EASEINOUTQUAD",
                "turn": 0,
                "head": {
                    "pitch": -0.27286335825920105
                }
            },
            {
                "tick": 59,
                "easing": "EASEINOUTQUAD",
                "turn": 0,
                "head": {
                    "pitch": -0.27286335825920105
                }
            },
            {
                "tick": 62,
                "easing": "EASEINOUTQUAD",
                "turn": 0,
                "head": {
                    "pitch": -0.27286335825920105
                }
            },
            {
                "tick": 65,
                "easing": "EASEINOUTQUAD",
                "turn": 0,
                "head": {
                    "pitch": -0.27286335825920105
                }
            },
            {
                "tick": 68,
                "easing": "EASEINOUTQUAD",
                "turn": 0,
                "head": {
                    "pitch": -0.27286335825920105
                }
            },
            {
                "tick": 71,
                "easing": "EASEINOUTQUAD",
                "turn": 0,
                "head": {
                    "pitch": -0.27286335825920105
                }
            },
            {
                "tick": 74,
                "easing": "EASEINOUTQUAD",
                "turn": 0,
                "head": {
                    "pitch": -0.27286335825920105
                }
            },
            {
                "tick": 77,
                "easing": "EASEINOUTQUAD",
                "turn": 0,
                "head": {
                    "pitch": -0.27286335825920105
                }
            },
            {
                "tick": 80,
                "easing": "EASEINOUTQUAD",
                "turn": 0,
                "head": {
                    "pitch": -0.27286335825920105
                }
            },
            {
                "tick": 95,
                "easing": "EASEINOUTQUAD",
                "turn": 0,
                "head": {
                    "pitch": 0.0504460409283638
                }
            },
            {
                "tick": 110,
                "easing": "EASEINOUTQUAD",
                "turn": 0,
                "head": {
                    "pitch": 0.03597269207239151
                }
            },
            {
                "tick": 125,
                "easing": "EASEINOUTQUAD",
                "turn": 0,
                "head": {
                    "pitch": -0.0
                }
            },
            {
                "tick": 27,
                "easing": "EASEINOUTQUAD",
                "turn": 0,
                "torso": {
                    "bend": 0.08127715438604355
                }
            },
            {
                "tick": 32,
                "easing": "EASEINOUTQUAD",
                "turn": 0,
                "torso": {
                    "bend": -0.04751206934452057
                }
            },
            {
                "tick": 50,
                "easing": "EASEINOUTQUAD",
                "turn": 0,
                "torso": {
                    "bend": -0.1364576667547226
                }
            },
            {
                "tick": 89,
                "easing": "EASEINOUTQUAD",
                "turn": 0,
                "torso": {
                    "bend": -0.0
                }
            },
            {
                "tick": 125,
                "easing": "EASEINOUTQUAD",
                "turn": 0,
                "torso": {
                    "bend": -0.0
                }
            },
            {
                "tick": 15,
                "easing": "EASEINOUTQUAD",
                "turn": 0,
                "rightArm": {
                    "yaw": -0.39553165435791016
                }
            },
            {
                "tick": 22,
                "easing": "EASEINOUTQUAD",
                "turn": 0,
                "rightArm": {
                    "yaw": -0.36964601278305054
                }
            },
            {
                "tick": 26,
                "easing": "EASEINOUTQUAD",
                "turn": 0,
                "rightArm": {
                    "yaw": -0.2814139425754547
                }
            },
            {
                "tick": 28,
                "easing": "EASEINOUTQUAD",
                "turn": 0,
                "rightArm": {
                    "yaw": -0.32674509286880493
                }
            },
            {
                "tick": 30,
                "easing": "EASEINOUTQUAD",
                "turn": 0,
                "rightArm": {
                    "yaw": -0.2925274968147278
                }
            },
            {
                "tick": 37,
                "easing": "EASEINOUTQUAD",
                "turn": 0,
                "rightArm": {
                    "yaw": -0.16901534795761108
                }
            },
            {
                "tick": 47,
                "easing": "EASEINOUTQUAD",
                "turn": 0,
                "rightArm": {
                    "yaw": 0.533604085445404
                }
            },
            {
                "tick": 50,
                "easing": "EASEINOUTQUAD",
                "turn": 0,
                "rightArm": {
                    "yaw": 0.533604085445404
                }
            },
            {
                "tick": 53,
                "easing": "EASEINOUTQUAD",
                "turn": 0,
                "rightArm": {
                    "yaw": 0.533604085445404
                }
            },
            {
                "tick": 56,
                "easing": "EASEINOUTQUAD",
                "turn": 0,
                "rightArm": {
                    "yaw": 0.533604085445404
                }
            },
            {
                "tick": 59,
                "easing": "EASEINOUTQUAD",
                "turn": 0,
                "rightArm": {
                    "yaw": 0.533604085445404
                }
            },
            {
                "tick": 62,
                "easing": "EASEINOUTQUAD",
                "turn": 0,
                "rightArm": {
                    "yaw": 0.533604085445404
                }
            },
            {
                "tick": 65,
                "easing": "EASEINOUTQUAD",
                "turn": 0,
                "rightArm": {
                    "yaw": 0.533604085445404
                }
            },
            {
                "tick": 68,
                "easing": "EASEINOUTQUAD",
                "turn": 0,
                "rightArm": {
                    "yaw": 0.533604085445404
                }
            },
            {
                "tick": 71,
                "easing": "EASEINOUTQUAD",
                "turn": 0,
                "rightArm": {
                    "yaw": 0.533604085445404
                }
            },
            {
                "tick": 74,
                "easing": "EASEINOUTQUAD",
                "turn": 0,
                "rightArm": {
                    "yaw": 0.533604085445404
                }
            },
            {
                "tick": 77,
                "easing": "EASEINOUTQUAD",
                "turn": 0,
                "rightArm": {
                    "yaw": 0.533604085445404
                }
            },
            {
                "tick": 80,
                "easing": "EASEINOUTQUAD",
                "turn": 0,
                "rightArm": {
                    "yaw": 0.533604085445404
                }
            },
            {
                "tick": 97,
                "easing": "EASEINOUTQUAD",
                "turn": 0,
                "rightArm": {
                    "yaw": 0.630361020565033
                }
            },
            {
                "tick": 107,
                "easing": "EASEINOUTQUAD",
                "turn": 0,
                "rightArm": {
                    "yaw": -0.022547755390405655
                }
            },
            {
                "tick": 114,
                "easing": "EASEINOUTQUAD",
                "turn": 0,
                "rightArm": {
                    "yaw": -0.022547755390405655
                }
            },
            {
                "tick": 125,
                "easing": "EASEINOUTQUAD",
                "turn": 0,
                "rightArm": {
                    "yaw": -0.0
                }
            },
            {
                "tick": 15,
                "easing": "EASEINOUTQUAD",
                "turn": 0,
                "rightArm": {
                    "roll": 0.5436814427375793
                }
            },
            {
                "tick": 22,
                "easing": "EASEINOUTQUAD",
                "turn": 0,
                "rightArm": {
                    "roll": 0.6682659387588501
                }
            },
            {
                "tick": 26,
                "easing": "EASEINOUTQUAD",
                "turn": 0,
                "rightArm": {
                    "roll": 0.6390471458435059
                }
            },
            {
                "tick": 28,
                "easing": "EASEINOUTQUAD",
                "turn": 0,
                "rightArm": {
                    "roll": 0.8526785969734192
                }
            },
            {
                "tick": 30,
                "easing": "EASEINOUTQUAD",
                "turn": 0,
                "rightArm": {
                    "roll": 0.7091118693351746
                }
            },
            {
                "tick": 37,
                "easing": "EASEINOUTQUAD",
                "turn": 0,
                "rightArm": {
                    "roll": 0.6506376266479492
                }
            },
            {
                "tick": 47,
                "easing": "EASEINOUTQUAD",
                "turn": 0,
                "rightArm": {
                    "roll": 0.8961365222930908
                }
            },
            {
                "tick": 50,
                "easing": "EASEINOUTQUAD",
                "turn": 0,
                "rightArm": {
                    "roll": 0.8961365222930908
                }
            },
            {
                "tick": 53,
                "easing": "EASEINOUTQUAD",
                "turn": 0,
                "rightArm": {
                    "roll": 0.8961365222930908
                }
            },
            {
                "tick": 56,
                "easing": "EASEINOUTQUAD",
                "turn": 0,
                "rightArm": {
                    "roll": 0.8961365222930908
                }
            },
            {
                "tick": 59,
                "easing": "EASEINOUTQUAD",
                "turn": 0,
                "rightArm": {
                    "roll": 0.8961365222930908
                }
            },
            {
                "tick": 62,
                "easing": "EASEINOUTQUAD",
                "turn": 0,
                "rightArm": {
                    "roll": 0.8961365222930908
                }
            },
            {
                "tick": 65,
                "easing": "EASEINOUTQUAD",
                "turn": 0,
                "rightArm": {
                    "roll": 0.8961365222930908
                }
            },
            {
                "tick": 68,
                "easing": "EASEINOUTQUAD",
                "turn": 0,
                "rightArm": {
                    "roll": 0.8961365222930908
                }
            },
            {
                "tick": 71,
                "easing": "EASEINOUTQUAD",
                "turn": 0,
                "rightArm": {
                    "roll": 0.8961365222930908
                }
            },
            {
                "tick": 74,
                "easing": "EASEINOUTQUAD",
                "turn": 0,
                "rightArm": {
                    "roll": 0.8961365222930908
                }
            },
            {
                "tick": 77,
                "easing": "EASEINOUTQUAD",
                "turn": 0,
                "rightArm": {
                    "roll": 0.8961365222930908
                }
            },
            {
                "tick": 80,
                "easing": "EASEINOUTQUAD",
                "turn": 0,
                "rightArm": {
                    "roll": 0.8961365222930908
                }
            },
            {
                "tick": 97,
                "easing": "EASEINOUTQUAD",
                "turn": 0,
                "rightArm": {
                    "roll": 0.5491766929626465
                }
            },
            {
                "tick": 107,
                "easing": "EASEINOUTQUAD",
                "turn": 0,
                "rightArm": {
                    "roll": 0.03893357515335083
                }
            },
            {
                "tick": 114,
                "easing": "EASEINOUTQUAD",
                "turn": 0,
                "rightArm": {
                    "roll": 0.03893357515335083
                }
            },
            {
                "tick": 125,
                "easing": "EASEINOUTQUAD",
                "turn": 0,
                "rightArm": {
                    "roll": -0.0
                }
            },
            {
                "tick": 15,
                "easing": "EASEINOUTQUAD",
                "turn": 0,
                "rightArm": {
                    "y": 2.0
                }
            },
            {
                "tick": 22,
                "easing": "EASEINOUTQUAD",
                "turn": 0,
                "rightArm": {
                    "y": 2.0
                }
            },
            {
                "tick": 26,
                "easing": "EASEINOUTQUAD",
                "turn": 0,
                "rightArm": {
                    "y": 2.0
                }
            },
            {
                "tick": 28,
                "easing": "EASEINOUTQUAD",
                "turn": 0,
                "rightArm": {
                    "y": 2.0
                }
            },
            {
                "tick": 30,
                "easing": "EASEINOUTQUAD",
                "turn": 0,
                "rightArm": {
                    "y": 2.0
                }
            },
            {
                "tick": 37,
                "easing": "EASEINOUTQUAD",
                "turn": 0,
                "rightArm": {
                    "y": 2.0
                }
            },
            {
                "tick": 47,
                "easing": "EASEINOUTQUAD",
                "turn": 0,
                "rightArm": {
                    "y": 2.144402503967285
                }
            },
            {
                "tick": 50,
                "easing": "EASEINOUTQUAD",
                "turn": 0,
                "rightArm": {
                    "y": 1.7088251113891602
                }
            },
            {
                "tick": 53,
                "easing": "EASEINOUTQUAD",
                "turn": 0,
                "rightArm": {
                    "y": 2.0011816024780273
                }
            },
            {
                "tick": 56,
                "easing": "EASEINOUTQUAD",
                "turn": 0,
                "rightArm": {
                    "y": 1.7582340240478516
                }
            },
            {
                "tick": 59,
                "easing": "EASEINOUTQUAD",
                "turn": 0,
                "rightArm": {
                    "y": 2.148695945739746
                }
            },
            {
                "tick": 62,
                "easing": "EASEINOUTQUAD",
                "turn": 0,
                "rightArm": {
                    "y": 1.709609031677246
                }
            },
            {
                "tick": 65,
                "easing": "EASEINOUTQUAD",
                "turn": 0,
                "rightArm": {
                    "y": 2.197686195373535
                }
            },
            {
                "tick": 68,
                "easing": "EASEINOUTQUAD",
                "turn": 0,
                "rightArm": {
                    "y": 1.5158987045288086
                }
            },
            {
                "tick": 71,
                "easing": "EASEINOUTQUAD",
                "turn": 0,
                "rightArm": {
                    "y": 2.1980819702148438
                }
            },
            {
                "tick": 74,
                "easing": "EASEINOUTQUAD",
                "turn": 0,
                "rightArm": {
                    "y": 1.5158987045288086
                }
            },
            {
                "tick": 77,
                "easing": "EASEINOUTQUAD",
                "turn": 0,
                "rightArm": {
                    "y": 2.0031509399414062
                }
            },
            {
                "tick": 80,
                "easing": "EASEINOUTQUAD",
                "turn": 0,
                "rightArm": {
                    "y": 1.468644142150879
                }
            },
            {
                "tick": 97,
                "easing": "EASEINOUTQUAD",
                "turn": 0,
                "rightArm": {
                    "y": 1.468644142150879
                }
            },
            {
                "tick": 107,
                "easing": "EASEINOUTQUAD",
                "turn": 0,
                "rightArm": {
                    "y": 1.468644142150879
                }
            },
            {
                "tick": 114,
                "easing": "EASEINOUTQUAD",
                "turn": 0,
                "rightArm": {
                    "y": 2.9555044174194336
                }
            },
            {
                "tick": 125,
                "easing": "EASEINOUTQUAD",
                "turn": 0,
                "rightArm": {
                    "y": 2.0
                }
            },
            {
                "tick": 15,
                "easing": "EASEINOUTQUAD",
                "turn": 0,
                "rightArm": {
                    "z": -0.0
                }
            },
            {
                "tick": 22,
                "easing": "EASEINOUTQUAD",
                "turn": 0,
                "rightArm": {
                    "z": -0.0
                }
            },
            {
                "tick": 26,
                "easing": "EASEINOUTQUAD",
                "turn": 0,
                "rightArm": {
                    "z": -0.0
                }
            },
            {
                "tick": 28,
                "easing": "EASEINOUTQUAD",
                "turn": 0,
                "rightArm": {
                    "z": -0.0
                }
            },
            {
                "tick": 30,
                "easing": "EASEINOUTQUAD",
                "turn": 0,
                "rightArm": {
                    "z": -0.0
                }
            },
            {
                "tick": 37,
                "easing": "EASEINOUTQUAD",
                "turn": 0,
                "rightArm": {
                    "z": -0.0
                }
            },
            {
                "tick": 47,
                "easing": "EASEINOUTQUAD",
                "turn": 0,
                "rightArm": {
                    "z": -4.152959823608398
                }
            },
            {
                "tick": 50,
                "easing": "EASEINOUTQUAD",
                "turn": 0,
                "rightArm": {
                    "z": -4.152959823608398
                }
            },
            {
                "tick": 53,
                "easing": "EASEINOUTQUAD",
                "turn": 0,
                "rightArm": {
                    "z": -4.152959823608398
                }
            },
            {
                "tick": 56,
                "easing": "EASEINOUTQUAD",
                "turn": 0,
                "rightArm": {
                    "z": -4.152959823608398
                }
            },
            {
                "tick": 59,
                "easing": "EASEINOUTQUAD",
                "turn": 0,
                "rightArm": {
                    "z": -4.152959823608398
                }
            },
            {
                "tick": 62,
                "easing": "EASEINOUTQUAD",
                "turn": 0,
                "rightArm": {
                    "z": -4.152959823608398
                }
            },
            {
                "tick": 65,
                "easing": "EASEINOUTQUAD",
                "turn": 0,
                "rightArm": {
                    "z": -4.152959823608398
                }
            },
            {
                "tick": 68,
                "easing": "EASEINOUTQUAD",
                "turn": 0,
                "rightArm": {
                    "z": -4.152959823608398
                }
            },
            {
                "tick": 71,
                "easing": "EASEINOUTQUAD",
                "turn": 0,
                "rightArm": {
                    "z": -4.152959823608398
                }
            },
            {
                "tick": 74,
                "easing": "EASEINOUTQUAD",
                "turn": 0,
                "rightArm": {
                    "z": -4.152959823608398
                }
            },
            {
                "tick": 77,
                "easing": "EASEINOUTQUAD",
                "turn": 0,
                "rightArm": {
                    "z": -4.152959823608398
                }
            },
            {
                "tick": 80,
                "easing": "EASEINOUTQUAD",
                "turn": 0,
                "rightArm": {
                    "z": -4.152959823608398
                }
            },
            {
                "tick": 97,
                "easing": "EASEINOUTQUAD",
                "turn": 0,
                "rightArm": {
                    "z": -0.910027265548706
                }
            },
            {
                "tick": 107,
                "easing": "EASEINOUTQUAD",
                "turn": 0,
                "rightArm": {
                    "z": -0.910027265548706
                }
            },
            {
                "tick": 114,
                "easing": "EASEINOUTQUAD",
                "turn": 0,
                "rightArm": {
                    "z": -0.910027265548706
                }
            },
            {
                "tick": 125,
                "easing": "EASEINOUTQUAD",
                "turn": 0,
                "rightArm": {
                    "z": -0.0
                }
            },
            {
                "tick": 15,
                "easing": "EASEINOUTQUAD",
                "turn": 0,
                "rightArm": {
                    "x": -5.0
                }
            },
            {
                "tick": 22,
                "easing": "EASEINOUTQUAD",
                "turn": 0,
                "rightArm": {
                    "x": -5.0
                }
            },
            {
                "tick": 26,
                "easing": "EASEINOUTQUAD",
                "turn": 0,
                "rightArm": {
                    "x": -5.0
                }
            },
            {
                "tick": 28,
                "easing": "EASEINOUTQUAD",
                "turn": 0,
                "rightArm": {
                    "x": -5.0
                }
            },
            {
                "tick": 30,
                "easing": "EASEINOUTQUAD",
                "turn": 0,
                "rightArm": {
                    "x": -5.0
                }
            },
            {
                "tick": 37,
                "easing": "EASEINOUTQUAD",
                "turn": 0,
                "rightArm": {
                    "x": -5.0
                }
            },
            {
                "tick": 47,
                "easing": "EASEINOUTQUAD",
                "turn": 0,
                "rightArm": {
                    "x": -5.0
                }
            },
            {
                "tick": 50,
                "easing": "EASEINOUTQUAD",
                "turn": 0,
                "rightArm": {
                    "x": -5.0
                }
            },
            {
                "tick": 53,
                "easing": "EASEINOUTQUAD",
                "turn": 0,
                "rightArm": {
                    "x": -5.0
                }
            },
            {
                "tick": 56,
                "easing": "EASEINOUTQUAD",
                "turn": 0,
                "rightArm": {
                    "x": -5.0
                }
            },
            {
                "tick": 59,
                "easing": "EASEINOUTQUAD",
                "turn": 0,
                "rightArm": {
                    "x": -5.0
                }
            },
            {
                "tick": 62,
                "easing": "EASEINOUTQUAD",
                "turn": 0,
                "rightArm": {
                    "x": -5.0
                }
            },
            {
                "tick": 65,
                "easing": "EASEINOUTQUAD",
                "turn": 0,
                "rightArm": {
                    "x": -5.0
                }
            },
            {
                "tick": 68,
                "easing": "EASEINOUTQUAD",
                "turn": 0,
                "rightArm": {
                    "x": -5.0
                }
            },
            {
                "tick": 71,
                "easing": "EASEINOUTQUAD",
                "turn": 0,
                "rightArm": {
                    "x": -5.0
                }
            },
            {
                "tick": 74,
                "easing": "EASEINOUTQUAD",
                "turn": 0,
                "rightArm": {
                    "x": -5.0
                }
            },
            {
                "tick": 77,
                "easing": "EASEINOUTQUAD",
                "turn": 0,
                "rightArm": {
                    "x": -5.0
                }
            },
            {
                "tick": 80,
                "easing": "EASEINOUTQUAD",
                "turn": 0,
                "rightArm": {
                    "x": -5.0
                }
            },
            {
                "tick": 97,
                "easing": "EASEINOUTQUAD",
                "turn": 0,
                "rightArm": {
                    "x": -5.0
                }
            },
            {
                "tick": 107,
                "easing": "EASEINOUTQUAD",
                "turn": 0,
                "rightArm": {
                    "x": -5.0
                }
            },
            {
                "tick": 114,
                "easing": "EASEINOUTQUAD",
                "turn": 0,
                "rightArm": {
                    "x": -5.0
                }
            },
            {
                "tick": 125,
                "easing": "EASEINOUTQUAD",
                "turn": 0,
                "rightArm": {
                    "x": -5.0
                }
            },
            {
                "tick": 15,
                "easing": "EASEINOUTQUAD",
                "turn": 0,
                "rightArm": {
                    "pitch": -1.2469156980514526
                }
            },
            {
                "tick": 22,
                "easing": "EASEINOUTQUAD",
                "turn": 0,
                "rightArm": {
                    "pitch": -1.147203803062439
                }
            },
            {
                "tick": 26,
                "easing": "EASEINOUTQUAD",
                "turn": 0,
                "rightArm": {
                    "pitch": -1.0984736680984497
                }
            },
            {
                "tick": 28,
                "easing": "EASEINOUTQUAD",
                "turn": 0,
                "rightArm": {
                    "pitch": -1.3279411792755127
                }
            },
            {
                "tick": 30,
                "easing": "EASEINOUTQUAD",
                "turn": 0,
                "rightArm": {
                    "pitch": -1.1999434232711792
                }
            },
            {
                "tick": 37,
                "easing": "EASEINOUTQUAD",
                "turn": 0,
                "rightArm": {
                    "pitch": -1.1895835399627686
                }
            },
            {
                "tick": 47,
                "easing": "EASEINOUTQUAD",
                "turn": 0,
                "rightArm": {
                    "pitch": -1.3321884870529175
                }
            },
            {
                "tick": 50,
                "easing": "EASEINOUTQUAD",
                "turn": 0,
                "rightArm": {
                    "pitch": -1.3321884870529175
                }
            },
            {
                "tick": 53,
                "easing": "EASEINOUTQUAD",
                "turn": 0,
                "rightArm": {
                    "pitch": -1.3321884870529175
                }
            },
            {
                "tick": 56,
                "easing": "EASEINOUTQUAD",
                "turn": 0,
                "rightArm": {
                    "pitch": -1.3321884870529175
                }
            },
            {
                "tick": 59,
                "easing": "EASEINOUTQUAD",
                "turn": 0,
                "rightArm": {
                    "pitch": -1.3321884870529175
                }
            },
            {
                "tick": 62,
                "easing": "EASEINOUTQUAD",
                "turn": 0,
                "rightArm": {
                    "pitch": -1.3321884870529175
                }
            },
            {
                "tick": 65,
                "easing": "EASEINOUTQUAD",
                "turn": 0,
                "rightArm": {
                    "pitch": -1.3321884870529175
                }
            },
            {
                "tick": 68,
                "easing": "EASEINOUTQUAD",
                "turn": 0,
                "rightArm": {
                    "pitch": -1.3321884870529175
                }
            },
            {
                "tick": 71,
                "easing": "EASEINOUTQUAD",
                "turn": 0,
                "rightArm": {
                    "pitch": -1.3321884870529175
                }
            },
            {
                "tick": 74,
                "easing": "EASEINOUTQUAD",
                "turn": 0,
                "rightArm": {
                    "pitch": -1.3321884870529175
                }
            },
            {
                "tick": 77,
                "easing": "EASEINOUTQUAD",
                "turn": 0,
                "rightArm": {
                    "pitch": -1.3321884870529175
                }
            },
            {
                "tick": 80,
                "easing": "EASEINOUTQUAD",
                "turn": 0,
                "rightArm": {
                    "pitch": -1.3321884870529175
                }
            },
            {
                "tick": 97,
                "easing": "EASEINOUTQUAD",
                "turn": 0,
                "rightArm": {
                    "pitch": -0.1620696783065796
                }
            },
            {
                "tick": 107,
                "easing": "EASEINOUTQUAD",
                "turn": 0,
                "rightArm": {
                    "pitch": 0.6125944256782532
                }
            },
            {
                "tick": 114,
                "easing": "EASEINOUTQUAD",
                "turn": 0,
                "rightArm": {
                    "pitch": 0.6125944256782532
                }
            },
            {
                "tick": 125,
                "easing": "EASEINOUTQUAD",
                "turn": 0,
                "rightArm": {
                    "pitch": -0.0
                }
            },
            {
                "tick": 40,
                "easing": "EASEINOUTQUAD",
                "turn": 0,
                "rightArm": {
                    "bend": -0.0
                }
            },
            {
                "tick": 47,
                "easing": "EASEINOUTQUAD",
                "turn": 0,
                "rightArm": {
                    "bend": -1.4350310564041138
                }
            },
            {
                "tick": 80,
                "easing": "EASEINOUTQUAD",
                "turn": 0,
                "rightArm": {
                    "bend": -1.5702455043792725
                }
            },
            {
                "tick": 107,
                "easing": "EASEINOUTQUAD",
                "turn": 0,
                "rightArm": {
                    "bend": -0.889495313167572
                }
            },
            {
                "tick": 114,
                "easing": "EASEINOUTQUAD",
                "turn": 0,
                "rightArm": {
                    "bend": -1.0571597814559937
                }
            },
            {
                "tick": 125,
                "easing": "EASEINOUTQUAD",
                "turn": 0,
                "rightArm": {
                    "bend": -0.0
                }
            },
            {
                "tick": 15,
                "easing": "EASEINOUTQUAD",
                "turn": 0,
                "leftArm": {
                    "roll": -1.9176433086395264
                }
            },
            {
                "tick": 20,
                "easing": "EASEINOUTQUAD",
                "turn": 0,
                "leftArm": {
                    "roll": -1.9296388626098633
                }
            },
            {
                "tick": 26,
                "easing": "EASEINOUTQUAD",
                "turn": 0,
                "leftArm": {
                    "roll": -1.9393038749694824
                }
            },
            {
                "tick": 31,
                "easing": "EASEINOUTQUAD",
                "turn": 0,
                "leftArm": {
                    "roll": -1.859492301940918
                }
            },
            {
                "tick": 40,
                "easing": "EASEINOUTQUAD",
                "turn": 0,
                "leftArm": {
                    "roll": -1.833189845085144
                }
            },
            {
                "tick": 60,
                "easing": "EASEINOUTQUAD",
                "turn": 0,
                "leftArm": {
                    "roll": -0.7014299035072327
                }
            },
            {
                "tick": 85,
                "easing": "EASEINOUTQUAD",
                "turn": 0,
                "leftArm": {
                    "roll": -0.7014299035072327
                }
            },
            {
                "tick": 95,
                "easing": "EASEINOUTQUAD",
                "turn": 0,
                "leftArm": {
                    "roll": -1.1312586069107056
                }
            },
            {
                "tick": 110,
                "easing": "EASEINOUTQUAD",
                "turn": 0,
                "leftArm": {
                    "roll": -1.0733397006988525
                }
            },
            {
                "tick": 120,
                "easing": "EASEINOUTQUAD",
                "turn": 0,
                "leftArm": {
                    "roll": 0.0
                }
            },
            {
                "tick": 15,
                "easing": "EASEINOUTQUAD",
                "turn": 0,
                "leftArm": {
                    "yaw": -0.1798417717218399
                }
            },
            {
                "tick": 20,
                "easing": "EASEINOUTQUAD",
                "turn": 0,
                "leftArm": {
                    "yaw": -0.1304633617401123
                }
            },
            {
                "tick": 26,
                "easing": "EASEINOUTQUAD",
                "turn": 0,
                "leftArm": {
                    "yaw": -0.21801850199699402
                }
            },
            {
                "tick": 31,
                "easing": "EASEINOUTQUAD",
                "turn": 0,
                "leftArm": {
                    "yaw": -0.03084520250558853
                }
            },
            {
                "tick": 40,
                "easing": "EASEINOUTQUAD",
                "turn": 0,
                "leftArm": {
                    "yaw": 0.0414721742272377
                }
            },
            {
                "tick": 60,
                "easing": "EASEINOUTQUAD",
                "turn": 0,
                "leftArm": {
                    "yaw": 0.12817949056625366
                }
            },
            {
                "tick": 85,
                "easing": "EASEINOUTQUAD",
                "turn": 0,
                "leftArm": {
                    "yaw": 0.12817949056625366
                }
            },
            {
                "tick": 95,
                "easing": "EASEINOUTQUAD",
                "turn": 0,
                "leftArm": {
                    "yaw": -0.02701992355287075
                }
            },
            {
                "tick": 110,
                "easing": "EASEINOUTQUAD",
                "turn": 0,
                "leftArm": {
                    "yaw": 0.0016520693898200989
                }
            },
            {
                "tick": 120,
                "easing": "EASEINOUTQUAD",
                "turn": 0,
                "leftArm": {
                    "yaw": -0.0
                }
            },
            {
                "tick": 15,
                "easing": "EASEINOUTQUAD",
                "turn": 0,
                "leftArm": {
                    "pitch": -1.8024709224700928
                }
            },
            {
                "tick": 20,
                "easing": "EASEINOUTQUAD",
                "turn": 0,
                "leftArm": {
                    "pitch": -1.8942244052886963
                }
            },
            {
                "tick": 26,
                "easing": "EASEINOUTQUAD",
                "turn": 0,
                "leftArm": {
                    "pitch": -1.976070761680603
                }
            },
            {
                "tick": 31,
                "easing": "EASEINOUTQUAD",
                "turn": 0,
                "leftArm": {
                    "pitch": -1.3404827117919922
                }
            },
            {
                "tick": 40,
                "easing": "EASEINOUTQUAD",
                "turn": 0,
                "leftArm": {
                    "pitch": -1.2521241903305054
                }
            },
            {
                "tick": 60,
                "easing": "EASEINOUTQUAD",
                "turn": 0,
                "leftArm": {
                    "pitch": -0.3371027112007141
                }
            },
            {
                "tick": 85,
                "easing": "EASEINOUTQUAD",
                "turn": 0,
                "leftArm": {
                    "pitch": -0.3371027112007141
                }
            },
            {
                "tick": 95,
                "easing": "EASEINOUTQUAD",
                "turn": 0,
                "leftArm": {
                    "pitch": -1.5969212055206299
                }
            },
            {
                "tick": 110,
                "easing": "EASEINOUTQUAD",
                "turn": 0,
                "leftArm": {
                    "pitch": -1.353637933731079
                }
            },
            {
                "tick": 120,
                "easing": "EASEINOUTQUAD",
                "turn": 0,
                "leftArm": {
                    "pitch": 0.0
                }
            },
            {
                "tick": 15,
                "easing": "EASEINOUTQUAD",
                "turn": 0,
                "leftArm": {
                    "y": 1.2893218994140625
                }
            },
            {
                "tick": 20,
                "easing": "EASEINOUTQUAD",
                "turn": 0,
                "leftArm": {
                    "y": 1.2659902572631836
                }
            },
            {
                "tick": 26,
                "easing": "EASEINOUTQUAD",
                "turn": 0,
                "leftArm": {
                    "y": 1.3533954620361328
                }
            },
            {
                "tick": 31,
                "easing": "EASEINOUTQUAD",
                "turn": 0,
                "leftArm": {
                    "y": 1.3533954620361328
                }
            },
            {
                "tick": 40,
                "easing": "EASEINOUTQUAD",
                "turn": 0,
                "leftArm": {
                    "y": 1.3533954620361328
                }
            },
            {
                "tick": 60,
                "easing": "EASEINOUTQUAD",
                "turn": 0,
                "leftArm": {
                    "y": 2.0
                }
            },
            {
                "tick": 85,
                "easing": "EASEINOUTQUAD",
                "turn": 0,
                "leftArm": {
                    "y": 2.0
                }
            },
            {
                "tick": 95,
                "easing": "EASEINOUTQUAD",
                "turn": 0,
                "leftArm": {
                    "y": 2.0
                }
            },
            {
                "tick": 110,
                "easing": "EASEINOUTQUAD",
                "turn": 0,
                "leftArm": {
                    "y": 2.0
                }
            },
            {
                "tick": 120,
                "easing": "EASEINOUTQUAD",
                "turn": 0,
                "leftArm": {
                    "y": 2.0
                }
            },
            {
                "tick": 15,
                "easing": "EASEINOUTQUAD",
                "turn": 0,
                "leftArm": {
                    "z": -2.4310684204101562
                }
            },
            {
                "tick": 20,
                "easing": "EASEINOUTQUAD",
                "turn": 0,
                "leftArm": {
                    "z": -2.4567532539367676
                }
            },
            {
                "tick": 26,
                "easing": "EASEINOUTQUAD",
                "turn": 0,
                "leftArm": {
                    "z": -4.142641544342041
                }
            },
            {
                "tick": 31,
                "easing": "EASEINOUTQUAD",
                "turn": 0,
                "leftArm": {
                    "z": -1.4452734120595778e-08
                }
            },
            {
                "tick": 40,
                "easing": "EASEINOUTQUAD",
                "turn": 0,
                "leftArm": {
                    "z": -1.4452734120595778e-08
                }
            },
            {
                "tick": 60,
                "easing": "EASEINOUTQUAD",
                "turn": 0,
                "leftArm": {
                    "z": -0.0
                }
            },
            {
                "tick": 85,
                "easing": "EASEINOUTQUAD",
                "turn": 0,
                "leftArm": {
                    "z": -0.0
                }
            },
            {
                "tick": 95,
                "easing": "EASEINOUTQUAD",
                "turn": 0,
                "leftArm": {
                    "z": -0.0
                }
            },
            {
                "tick": 110,
                "easing": "EASEINOUTQUAD",
                "turn": 0,
                "leftArm": {
                    "z": -0.0
                }
            },
            {
                "tick": 120,
                "easing": "EASEINOUTQUAD",
                "turn": 0,
                "leftArm": {
                    "z": -0.0
                }
            },
            {
                "tick": 15,
                "easing": "EASEINOUTQUAD",
                "turn": 0,
                "leftArm": {
                    "x": 4.142912864685059
                }
            },
            {
                "tick": 20,
                "easing": "EASEINOUTQUAD",
                "turn": 0,
                "leftArm": {
                    "x": 4.142912864685059
                }
            },
            {
                "tick": 26,
                "easing": "EASEINOUTQUAD",
                "turn": 0,
                "leftArm": {
                    "x": 4.142912864685059
                }
            },
            {
                "tick": 31,
                "easing": "EASEINOUTQUAD",
                "turn": 0,
                "leftArm": {
                    "x": 4.142912864685059
                }
            },
            {
                "tick": 40,
                "easing": "EASEINOUTQUAD",
                "turn": 0,
                "leftArm": {
                    "x": 4.142912864685059
                }
            },
            {
                "tick": 60,
                "easing": "EASEINOUTQUAD",
                "turn": 0,
                "leftArm": {
                    "x": 5.0
                }
            },
            {
                "tick": 85,
                "easing": "EASEINOUTQUAD",
                "turn": 0,
                "leftArm": {
                    "x": 5.0
                }
            },
            {
                "tick": 95,
                "easing": "EASEINOUTQUAD",
                "turn": 0,
                "leftArm": {
                    "x": 5.0
                }
            },
            {
                "tick": 110,
                "easing": "EASEINOUTQUAD",
                "turn": 0,
                "leftArm": {
                    "x": 6.291677474975586
                }
            },
            {
                "tick": 120,
                "easing": "EASEINOUTQUAD",
                "turn": 0,
                "leftArm": {
                    "x": 5.0
                }
            },
            {
                "tick": 15,
                "easing": "EASEINOUTQUAD",
                "turn": 0,
                "leftArm": {
                    "bend": -0.026932312175631523
                }
            },
            {
                "tick": 22,
                "easing": "EASEINOUTQUAD",
                "turn": 0,
                "leftArm": {
                    "bend": -0.1051691547036171
                }
            },
            {
                "tick": 27,
                "easing": "EASEINOUTQUAD",
                "turn": 0,
                "leftArm": {
                    "bend": -0.5503946542739868
                }
            },
            {
                "tick": 31,
                "easing": "EASEINOUTQUAD",
                "turn": 0,
                "leftArm": {
                    "bend": -0.0
                }
            },
            {
                "tick": 60,
                "easing": "EASEINOUTQUAD",
                "turn": 0,
                "leftArm": {
                    "bend": -1.1691185235977173
                }
            },
            {
                "tick": 110,
                "easing": "EASEINOUTQUAD",
                "turn": 0,
                "leftArm": {
                    "bend": -1.1691185235977173
                }
            },
            {
                "tick": 120,
                "easing": "EASEINOUTQUAD",
                "turn": 0,
                "leftArm": {
                    "bend": 0.0
                }
            }
        ]
    }
}