{
    "name": {
        "translate": "spemotes.emote.name.SPE_Cross_from_left_to_right",
        "fallback": "Перекреститься слева направо"
    },
    "author": "SPEmotes",
    "description": {
        "translate": "spemotes.emote.description.SPE_Cross_from_left_to_right",
        "fallback": "Святой ганак, спаси и сохрани!"
    },
    "emote": {
        "isLoop": "false",
        "returnTick": 2,
        "beginTick": 0,
        "endTick": 46,
        "stopTick": 47,
        "degrees": false,
        "moves": [
            {
                "tick": 4,
                "easing": "EASEINOUTQUAD",
                "turn": 0,
                "rightArm": {
                    "yaw": -0.4449378252029419
                }
            },
            {
                "tick": 8,
                "easing": "EASEINOUTQUAD",
                "turn": 0,
                "rightArm": {
                    "yaw": -0.3155362904071808
                }
            },
            {
                "tick": 10,
                "easing": "EASEINOUTQUAD",
                "turn": 0,
                "rightArm": {
                    "yaw": -0.3138936161994934
                }
            },
            {
                "tick": 16,
                "easing": "EASEINOUTQUAD",
                "turn": 0,
                "rightArm": {
                    "yaw": -1.4517000913619995
                }
            },
            {
                "tick": 18,
                "easing": "EASEINOUTQUAD",
                "turn": 0,
                "rightArm": {
                    "yaw": -1.4121031761169434
                }
            },
            {
                "tick": 25,
                "easing": "EASEINOUTQUAD",
                "turn": 0,
                "rightArm": {
                    "yaw": -0.7610152363777161
                }
            },
            {
                "tick": 27,
                "easing": "EASEINOUTQUAD",
                "turn": 0,
                "rightArm": {
                    "yaw": -0.7611052989959717
                }
            },
            {
                "tick": 34,
                "easing": "EASEINOUTQUAD",
                "turn": 0,
                "rightArm": {
                    "yaw": -0.7958152890205383
                }
            },
            {
                "tick": 36,
                "easing": "EASEINOUTQUAD",
                "turn": 0,
                "rightArm": {
                    "yaw": -0.7106165289878845
                }
            },
            {
                "tick": 46,
                "easing": "EASEINOUTQUAD",
                "turn": 0,
                "rightArm": {
                    "yaw": -0.0
                }
            },
            {
                "tick": 4,
                "easing": "EASEINOUTQUAD",
                "turn": 0,
                "rightArm": {
                    "roll": 0.27455073595046997
                }
            },
            {
                "tick": 8,
                "easing": "EASEINOUTQUAD",
                "turn": 0,
                "rightArm": {
                    "roll": 0.730993390083313
                }
            },
            {
                "tick": 10,
                "easing": "EASEINOUTQUAD",
                "turn": 0,
                "rightArm": {
                    "roll": 0.7347360253334045
                }
            },
            {
                "tick": 16,
                "easing": "EASEINOUTQUAD",
                "turn": 0,
                "rightArm": {
                    "roll": -0.12224387377500534
                }
            },
            {
                "tick": 18,
                "easing": "EASEINOUTQUAD",
                "turn": 0,
                "rightArm": {
                    "roll": 0.5957524180412292
                }
            },
            {
                "tick": 25,
                "easing": "EASEINOUTQUAD",
                "turn": 0,
                "rightArm": {
                    "roll": 1.5196658372879028
                }
            },
            {
                "tick": 27,
                "easing": "EASEINOUTQUAD",
                "turn": 0,
                "rightArm": {
                    "roll": 1.533590316772461
                }
            },
            {
                "tick": 34,
                "easing": "EASEINOUTQUAD",
                "turn": 0,
                "rightArm": {
                    "roll": 1.087233304977417
                }
            },
            {
                "tick": 36,
                "easing": "EASEINOUTQUAD",
                "turn": 0,
                "rightArm": {
                    "roll": 1.0413225889205933
                }
            },
            {
                "tick": 46,
                "easing": "EASEINOUTQUAD",
                "turn": 0,
                "rightArm": {
                    "roll": -0.0
                }
            },
            {
                "tick": 4,
                "easing": "EASEINOUTQUAD",
                "turn": 0,
                "rightArm": {
                    "y": 2.73891544342041
                }
            },
            {
                "tick": 8,
                "easing": "EASEINOUTQUAD",
                "turn": 0,
                "rightArm": {
                    "y": 1.202061653137207
                }
            },
            {
                "tick": 10,
                "easing": "EASEINOUTQUAD",
                "turn": 0,
                "rightArm": {
                    "y": 1.202061653137207
                }
            },
            {
                "tick": 16,
                "easing": "EASEINOUTQUAD",
                "turn": 0,
                "rightArm": {
                    "y": 3.519277572631836
                }
            },
            {
                "tick": 18,
                "easing": "EASEINOUTQUAD",
                "turn": 0,
                "rightArm": {
                    "y": 3.519277572631836
                }
            },
            {
                "tick": 25,
                "easing": "EASEINOUTQUAD",
                "turn": 0,
                "rightArm": {
                    "y": 3.381028175354004
                }
            },
            {
                "tick": 27,
                "easing": "EASEINOUTQUAD",
                "turn": 0,
                "rightArm": {
                    "y": 3.381028175354004
                }
            },
            {
                "tick": 34,
                "easing": "EASEINOUTQUAD",
                "turn": 0,
                "rightArm": {
                    "y": 2.8416576385498047
                }
            },
            {
                "tick": 36,
                "easing": "EASEINOUTQUAD",
                "turn": 0,
                "rightArm": {
                    "y": 2.8416576385498047
                }
            },
            {
                "tick": 46,
                "easing": "EASEINOUTQUAD",
                "turn": 0,
                "rightArm": {
                    "y": 2.0
                }
            },
            {
                "tick": 4,
                "easing": "EASEINOUTQUAD",
                "turn": 0,
                "rightArm": {
                    "z": -0.9279448390007019
                }
            },
            {
                "tick": 8,
                "easing": "EASEINOUTQUAD",
                "turn": 0,
                "rightArm": {
                    "z": -3.046983242034912
                }
            },
            {
                "tick": 10,
                "easing": "EASEINOUTQUAD",
                "turn": 0,
                "rightArm": {
                    "z": -3.2434310913085938
                }
            },
            {
                "tick": 16,
                "easing": "EASEINOUTQUAD",
                "turn": 0,
                "rightArm": {
                    "z": -1.6811813116073608
                }
            },
            {
                "tick": 18,
                "easing": "EASEINOUTQUAD",
                "turn": 0,
                "rightArm": {
                    "z": -1.8749754428863525
                }
            },
            {
                "tick": 25,
                "easing": "EASEINOUTQUAD",
                "turn": 0,
                "rightArm": {
                    "z": -1.6432360410690308
                }
            },
            {
                "tick": 27,
                "easing": "EASEINOUTQUAD",
                "turn": 0,
                "rightArm": {
                    "z": -2.0045719146728516
                }
            },
            {
                "tick": 34,
                "easing": "EASEINOUTQUAD",
                "turn": 0,
                "rightArm": {
                    "z": 0.49555304646492004
                }
            },
            {
                "tick": 36,
                "easing": "EASEINOUTQUAD",
                "turn": 0,
                "rightArm": {
                    "z": 0.0853499174118042
                }
            },
            {
                "tick": 46,
                "easing": "EASEINOUTQUAD",
                "turn": 0,
                "rightArm": {
                    "z": -0.0
                }
            },
            {
                "tick": 4,
                "easing": "EASEINOUTQUAD",
                "turn": 0,
                "rightArm": {
                    "x": -5.104315280914307
                }
            },
            {
                "tick": 8,
                "easing": "EASEINOUTQUAD",
                "turn": 0,
                "rightArm": {
                    "x": -3.7313897609710693
                }
            },
            {
                "tick": 10,
                "easing": "EASEINOUTQUAD",
                "turn": 0,
                "rightArm": {
                    "x": -3.7313897609710693
                }
            },
            {
                "tick": 16,
                "easing": "EASEINOUTQUAD",
                "turn": 0,
                "rightArm": {
                    "x": -5.585334300994873
                }
            },
            {
                "tick": 18,
                "easing": "EASEINOUTQUAD",
                "turn": 0,
                "rightArm": {
                    "x": -5.585334300994873
                }
            },
            {
                "tick": 25,
                "easing": "EASEINOUTQUAD",
                "turn": 0,
                "rightArm": {
                    "x": -3.0606157779693604
                }
            },
            {
                "tick": 27,
                "easing": "EASEINOUTQUAD",
                "turn": 0,
                "rightArm": {
                    "x": -3.0606157779693604
                }
            },
            {
                "tick": 34,
                "easing": "EASEINOUTQUAD",
                "turn": 0,
                "rightArm": {
                    "x": -5.966647624969482
                }
            },
            {
                "tick": 36,
                "easing": "EASEINOUTQUAD",
                "turn": 0,
                "rightArm": {
                    "x": -5.966647624969482
                }
            },
            {
                "tick": 46,
                "easing": "EASEINOUTQUAD",
                "turn": 0,
                "rightArm": {
                    "x": -5.0
                }
            },
            {
                "tick": 4,
                "easing": "EASEINOUTQUAD",
                "turn": 0,
                "rightArm": {
                    "pitch": -0.2960159480571747
                }
            },
            {
                "tick": 8,
                "easing": "EASEINOUTQUAD",
                "turn": 0,
                "rightArm": {
                    "pitch": -2.1511428356170654
                }
            },
            {
                "tick": 10,
                "easing": "EASEINOUTQUAD",
                "turn": 0,
                "rightArm": {
                    "pitch": -2.1015071868896484
                }
            },
            {
                "tick": 16,
                "easing": "EASEINOUTQUAD",
                "turn": 0,
                "rightArm": {
                    "pitch": -0.10678156465291977
                }
            },
            {
                "tick": 18,
                "easing": "EASEINOUTQUAD",
                "turn": 0,
                "rightArm": {
                    "pitch": -0.8432182669639587
                }
            },
            {
                "tick": 25,
                "easing": "EASEINOUTQUAD",
                "turn": 0,
                "rightArm": {
                    "pitch": -2.6641178131103516
                }
            },
            {
                "tick": 27,
                "easing": "EASEINOUTQUAD",
                "turn": 0,
                "rightArm": {
                    "pitch": -2.5685267448425293
                }
            },
            {
                "tick": 34,
                "easing": "EASEINOUTQUAD",
                "turn": 0,
                "rightArm": {
                    "pitch": -1.3430510759353638
                }
            },
            {
                "tick": 36,
                "easing": "EASEINOUTQUAD",
                "turn": 0,
                "rightArm": {
                    "pitch": -1.2449307441711426
                }
            },
            {
                "tick": 46,
                "easing": "EASEINOUTQUAD",
                "turn": 0,
                "rightArm": {
                    "pitch": -0.0
                }
            },
            {
                "tick": 4,
                "easing": "EASEINOUTQUAD",
                "turn": 0,
                "rightArm": {
                    "bend": -1.3434321880340576
                }
            },
            {
                "tick": 10,
                "easing": "EASEINOUTQUAD",
                "turn": 0,
                "rightArm": {
                    "bend": -1.3434321880340576
                }
            },
            {
                "tick": 18,
                "easing": "EASEINOUTQUAD",
                "turn": 0,
                "rightArm": {
                    "bend": -0.8314347267150879
                }
            },
            {
                "tick": 25,
                "easing": "EASEINOUTQUAD",
                "turn": 0,
                "rightArm": {
                    "bend": -1.075696349143982
                }
            },
            {
                "tick": 34,
                "easing": "EASEINOUTQUAD",
                "turn": 0,
                "rightArm": {
                    "bend": -1.5707963705062866
                }
            },
            {
                "tick": 46,
                "easing": "EASEINOUTQUAD",
                "turn": 0,
                "rightArm": {
                    "bend": -0.0
                }
            }
        ]
    }
}