{
    "name": {
        "translate": "spemotes.emote.name.SPE_Fall1",
        "fallback": "Падение §8(1 Вариант)"
    },
    "author": "SPEmotes",
    "description": {
        "translate": "spemotes.emote.description.SPE_Fall1",
        "fallback": "Ай, больно же"
    },
    "emote": {
        "isLoop": "false",
        "returnTick": 2,
        "beginTick": 0,
        "endTick": 42,
        "stopTick": 43,
        "degrees": false,
        "moves": [
            {
                "tick": 3,
                "easing": "EASEINOUTQUAD",
                "turn": 0,
                "head": {
                    "y": -0.0
                }
            },
            {
                "tick": 8,
                "easing": "EASEINOUTQUAD",
                "turn": 0,
                "head": {
                    "y": -0.0
                }
            },
            {
                "tick": 25,
                "easing": "EASEINOUTQUAD",
                "turn": 0,
                "head": {
                    "y": -0.0
                }
            },
            {
                "tick": 3,
                "easing": "EASEINOUTQUAD",
                "turn": 0,
                "head": {
                    "z": -0.0
                }
            },
            {
                "tick": 8,
                "easing": "EASEINOUTQUAD",
                "turn": 0,
                "head": {
                    "z": -0.0
                }
            },
            {
                "tick": 25,
                "easing": "EASEINOUTQUAD",
                "turn": 0,
                "head": {
                    "z": -0.0
                }
            },
            {
                "tick": 3,
                "easing": "EASEINOUTQUAD",
                "turn": 0,
                "head": {
                    "x": -0.0
                }
            },
            {
                "tick": 8,
                "easing": "EASEINOUTQUAD",
                "turn": 0,
                "head": {
                    "x": -0.0
                }
            },
            {
                "tick": 25,
                "easing": "EASEINOUTQUAD",
                "turn": 0,
                "head": {
                    "x": -0.0
                }
            },
            {
                "tick": 3,
                "easing": "EASEINOUTQUAD",
                "turn": 0,
                "head": {
                    "yaw": 0.015059015713632107
                }
            },
            {
                "tick": 8,
                "easing": "EASEINOUTQUAD",
                "turn": 0,
                "head": {
                    "yaw": 0.1822853833436966
                }
            },
            {
                "tick": 25,
                "easing": "EASEINOUTQUAD",
                "turn": 0,
                "head": {
                    "yaw": -0.38218066096305847
                }
            },
            {
                "tick": 3,
                "easing": "EASEINOUTQUAD",
                "turn": 0,
                "head": {
                    "roll": 0.011156652122735977
                }
            },
            {
                "tick": 8,
                "easing": "EASEINOUTQUAD",
                "turn": 0,
                "head": {
                    "roll": 0.06040891632437706
                }
            },
            {
                "tick": 25,
                "easing": "EASEINOUTQUAD",
                "turn": 0,
                "head": {
                    "roll": -0.04676128178834915
                }
            },
            {
                "tick": 3,
                "easing": "EASEINOUTQUAD",
                "turn": 0,
                "head": {
                    "pitch": 0.049365054816007614
                }
            },
            {
                "tick": 8,
                "easing": "EASEINOUTQUAD",
                "turn": 0,
                "head": {
                    "pitch": 0.8866289258003235
                }
            },
            {
                "tick": 25,
                "easing": "EASEINOUTQUAD",
                "turn": 0,
                "head": {
                    "pitch": 0.4268327057361603
                }
            },
            {
                "tick": 6,
                "easing": "EASEINOUTQUAD",
                "turn": 0,
                "torso": {
                    "yaw": 0.0
                }
            },
            {
                "tick": 8,
                "easing": "EASEINOUTQUAD",
                "turn": 0,
                "torso": {
                    "yaw": 0.0
                }
            },
            {
                "tick": 11,
                "easing": "EASEINOUTQUAD",
                "turn": 0,
                "torso": {
                    "yaw": 0.0
                }
            },
            {
                "tick": 25,
                "easing": "EASEINOUTQUAD",
                "turn": 0,
                "torso": {
                    "yaw": -0.0950416848063469
                }
            },
            {
                "tick": 6,
                "easing": "EASEINOUTQUAD",
                "turn": 0,
                "torso": {
                    "roll": -0.0
                }
            },
            {
                "tick": 8,
                "easing": "EASEINOUTQUAD",
                "turn": 0,
                "torso": {
                    "roll": -0.0
                }
            },
            {
                "tick": 11,
                "easing": "EASEINOUTQUAD",
                "turn": 0,
                "torso": {
                    "roll": -0.0
                }
            },
            {
                "tick": 25,
                "easing": "EASEINOUTQUAD",
                "turn": 0,
                "torso": {
                    "roll": 0.3455107808113098
                }
            },
            {
                "tick": 6,
                "easing": "EASEINOUTQUAD",
                "turn": 0,
                "torso": {
                    "pitch": 0.3653903305530548
                }
            },
            {
                "tick": 8,
                "easing": "EASEINOUTQUAD",
                "turn": 0,
                "torso": {
                    "pitch": 0.3653903305530548
                }
            },
            {
                "tick": 11,
                "easing": "EASEINOUTQUAD",
                "turn": 0,
                "torso": {
                    "pitch": 0.3653903305530548
                }
            },
            {
                "tick": 25,
                "easing": "EASEINOUTQUAD",
                "turn": 0,
                "torso": {
                    "pitch": 0.00971128698438406
                }
            },
            {
                "tick": 6,
                "easing": "EASEINOUTQUAD",
                "turn": 0,
                "torso": {
                    "y": -0.6740836501121521
                }
            },
            {
                "tick": 8,
                "easing": "EASEINOUTQUAD",
                "turn": 0,
                "torso": {
                    "y": -0.6260215640068054
                }
            },
            {
                "tick": 11,
                "easing": "EASEINOUTQUAD",
                "turn": 0,
                "torso": {
                    "y": -0.6260215640068054
                }
            },
            {
                "tick": 25,
                "easing": "EASEINOUTQUAD",
                "turn": 0,
                "torso": {
                    "y": -0.35360410809516907
                }
            },
            {
                "tick": 6,
                "easing": "EASEINOUTQUAD",
                "turn": 0,
                "torso": {
                    "x": 0.0
                }
            },
            {
                "tick": 8,
                "easing": "EASEINOUTQUAD",
                "turn": 0,
                "torso": {
                    "x": 0.0
                }
            },
            {
                "tick": 11,
                "easing": "EASEINOUTQUAD",
                "turn": 0,
                "torso": {
                    "x": 0.0
                }
            },
            {
                "tick": 25,
                "easing": "EASEINOUTQUAD",
                "turn": 0,
                "torso": {
                    "x": 0.0
                }
            },
            {
                "tick": 6,
                "easing": "EASEINOUTQUAD",
                "turn": 0,
                "torso": {
                    "z": -0.0
                }
            },
            {
                "tick": 8,
                "easing": "EASEINOUTQUAD",
                "turn": 0,
                "torso": {
                    "z": -0.0
                }
            },
            {
                "tick": 11,
                "easing": "EASEINOUTQUAD",
                "turn": 0,
                "torso": {
                    "z": -0.0
                }
            },
            {
                "tick": 25,
                "easing": "EASEINOUTQUAD",
                "turn": 0,
                "torso": {
                    "z": -0.0
                }
            },
            {
                "tick": 8,
                "easing": "EASEINOUTQUAD",
                "turn": 0,
                "torso": {
                    "bend": 0.5908252000808716
                }
            },
            {
                "tick": 19,
                "easing": "EASEINOUTQUAD",
                "turn": 0,
                "torso": {
                    "bend": -0.0
                }
            },
            {
                "tick": 3,
                "easing": "EASEINOUTQUAD",
                "turn": 0,
                "rightArm": {
                    "yaw": -0.10723789036273956
                }
            },
            {
                "tick": 8,
                "easing": "EASEINOUTQUAD",
                "turn": 0,
                "rightArm": {
                    "yaw": -0.0020792759023606777
                }
            },
            {
                "tick": 11,
                "easing": "EASEINOUTQUAD",
                "turn": 0,
                "rightArm": {
                    "yaw": -0.0020792759023606777
                }
            },
            {
                "tick": 25,
                "easing": "EASEINOUTQUAD",
                "turn": 0,
                "rightArm": {
                    "yaw": -0.24100512266159058
                }
            },
            {
                "tick": 3,
                "easing": "EASEINOUTQUAD",
                "turn": 0,
                "rightArm": {
                    "roll": 0.5267856121063232
                }
            },
            {
                "tick": 8,
                "easing": "EASEINOUTQUAD",
                "turn": 0,
                "rightArm": {
                    "roll": 0.2072879523038864
                }
            },
            {
                "tick": 11,
                "easing": "EASEINOUTQUAD",
                "turn": 0,
                "rightArm": {
                    "roll": 0.2072879523038864
                }
            },
            {
                "tick": 25,
                "easing": "EASEINOUTQUAD",
                "turn": 0,
                "rightArm": {
                    "roll": 0.7140070199966431
                }
            },
            {
                "tick": 3,
                "easing": "EASEINOUTQUAD",
                "turn": 0,
                "rightArm": {
                    "y": 2.4742050170898438
                }
            },
            {
                "tick": 8,
                "easing": "EASEINOUTQUAD",
                "turn": 0,
                "rightArm": {
                    "y": 3.498720169067383
                }
            },
            {
                "tick": 11,
                "easing": "EASEINOUTQUAD",
                "turn": 0,
                "rightArm": {
                    "y": 3.498720169067383
                }
            },
            {
                "tick": 25,
                "easing": "EASEINOUTQUAD",
                "turn": 0,
                "rightArm": {
                    "y": 1.9845523834228516
                }
            },
            {
                "tick": 3,
                "easing": "EASEINOUTQUAD",
                "turn": 0,
                "rightArm": {
                    "z": -0.10875076800584793
                }
            },
            {
                "tick": 8,
                "easing": "EASEINOUTQUAD",
                "turn": 0,
                "rightArm": {
                    "z": -0.34370607137680054
                }
            },
            {
                "tick": 11,
                "easing": "EASEINOUTQUAD",
                "turn": 0,
                "rightArm": {
                    "z": -0.34370607137680054
                }
            },
            {
                "tick": 25,
                "easing": "EASEINOUTQUAD",
                "turn": 0,
                "rightArm": {
                    "z": -0.9767913222312927
                }
            },
            {
                "tick": 3,
                "easing": "EASEINOUTQUAD",
                "turn": 0,
                "rightArm": {
                    "x": -5.0
                }
            },
            {
                "tick": 8,
                "easing": "EASEINOUTQUAD",
                "turn": 0,
                "rightArm": {
                    "x": -5.0
                }
            },
            {
                "tick": 11,
                "easing": "EASEINOUTQUAD",
                "turn": 0,
                "rightArm": {
                    "x": -5.0
                }
            },
            {
                "tick": 25,
                "easing": "EASEINOUTQUAD",
                "turn": 0,
                "rightArm": {
                    "x": -5.649074554443359
                }
            },
            {
                "tick": 3,
                "easing": "EASEINOUTQUAD",
                "turn": 0,
                "rightArm": {
                    "pitch": -0.0690431073307991
                }
            },
            {
                "tick": 8,
                "easing": "EASEINOUTQUAD",
                "turn": 0,
                "rightArm": {
                    "pitch": 0.044773928821086884
                }
            },
            {
                "tick": 11,
                "easing": "EASEINOUTQUAD",
                "turn": 0,
                "rightArm": {
                    "pitch": 0.044773928821086884
                }
            },
            {
                "tick": 25,
                "easing": "EASEINOUTQUAD",
                "turn": 0,
                "rightArm": {
                    "pitch": 0.3301886320114136
                }
            },
            {
                "tick": 3,
                "easing": "EASEINOUTQUAD",
                "turn": 0,
                "leftArm": {
                    "roll": -0.4950564503669739
                }
            },
            {
                "tick": 8,
                "easing": "EASEINOUTQUAD",
                "turn": 0,
                "leftArm": {
                    "roll": -0.05279168486595154
                }
            },
            {
                "tick": 11,
                "easing": "EASEINOUTQUAD",
                "turn": 0,
                "leftArm": {
                    "roll": -0.05279168486595154
                }
            },
            {
                "tick": 25,
                "easing": "EASEINOUTQUAD",
                "turn": 0,
                "leftArm": {
                    "roll": -0.45252418518066406
                }
            },
            {
                "tick": 28,
                "easing": "EASEINOUTQUAD",
                "turn": 0,
                "leftArm": {
                    "roll": -0.45252418518066406
                }
            },
            {
                "tick": 3,
                "easing": "EASEINOUTQUAD",
                "turn": 0,
                "leftArm": {
                    "yaw": -9.958446025848389e-05
                }
            },
            {
                "tick": 8,
                "easing": "EASEINOUTQUAD",
                "turn": 0,
                "leftArm": {
                    "yaw": -0.10385803878307343
                }
            },
            {
                "tick": 11,
                "easing": "EASEINOUTQUAD",
                "turn": 0,
                "leftArm": {
                    "yaw": -0.10385803878307343
                }
            },
            {
                "tick": 25,
                "easing": "EASEINOUTQUAD",
                "turn": 0,
                "leftArm": {
                    "yaw": -0.01286837924271822
                }
            },
            {
                "tick": 28,
                "easing": "EASEINOUTQUAD",
                "turn": 0,
                "leftArm": {
                    "yaw": -0.01286837924271822
                }
            },
            {
                "tick": 3,
                "easing": "EASEINOUTQUAD",
                "turn": 0,
                "leftArm": {
                    "pitch": -0.12249459326267242
                }
            },
            {
                "tick": 8,
                "easing": "EASEINOUTQUAD",
                "turn": 0,
                "leftArm": {
                    "pitch": -0.2119739055633545
                }
            },
            {
                "tick": 11,
                "easing": "EASEINOUTQUAD",
                "turn": 0,
                "leftArm": {
                    "pitch": -0.2119739055633545
                }
            },
            {
                "tick": 25,
                "easing": "EASEINOUTQUAD",
                "turn": 0,
                "leftArm": {
                    "pitch": 0.019737249240279198
                }
            },
            {
                "tick": 28,
                "easing": "EASEINOUTQUAD",
                "turn": 0,
                "leftArm": {
                    "pitch": 0.019737249240279198
                }
            },
            {
                "tick": 3,
                "easing": "EASEINOUTQUAD",
                "turn": 0,
                "leftArm": {
                    "y": 2.3245487213134766
                }
            },
            {
                "tick": 8,
                "easing": "EASEINOUTQUAD",
                "turn": 0,
                "leftArm": {
                    "y": 3.02573299407959
                }
            },
            {
                "tick": 11,
                "easing": "EASEINOUTQUAD",
                "turn": 0,
                "leftArm": {
                    "y": 3.02573299407959
                }
            },
            {
                "tick": 25,
                "easing": "EASEINOUTQUAD",
                "turn": 0,
                "leftArm": {
                    "y": 6.253421783447266
                }
            },
            {
                "tick": 28,
                "easing": "EASEINOUTQUAD",
                "turn": 0,
                "leftArm": {
                    "y": 6.528741836547852
                }
            },
            {
                "tick": 3,
                "easing": "EASEINOUTQUAD",
                "turn": 0,
                "leftArm": {
                    "z": -0.0744296982884407
                }
            },
            {
                "tick": 8,
                "easing": "EASEINOUTQUAD",
                "turn": 0,
                "leftArm": {
                    "z": -0.2352345585823059
                }
            },
            {
                "tick": 11,
                "easing": "EASEINOUTQUAD",
                "turn": 0,
                "leftArm": {
                    "z": -0.2352345585823059
                }
            },
            {
                "tick": 25,
                "easing": "EASEINOUTQUAD",
                "turn": 0,
                "leftArm": {
                    "z": -0.15528368949890137
                }
            },
            {
                "tick": 28,
                "easing": "EASEINOUTQUAD",
                "turn": 0,
                "leftArm": {
                    "z": -0.13171815872192383
                }
            },
            {
                "tick": 3,
                "easing": "EASEINOUTQUAD",
                "turn": 0,
                "leftArm": {
                    "x": 5.0
                }
            },
            {
                "tick": 8,
                "easing": "EASEINOUTQUAD",
                "turn": 0,
                "leftArm": {
                    "x": 5.0
                }
            },
            {
                "tick": 11,
                "easing": "EASEINOUTQUAD",
                "turn": 0,
                "leftArm": {
                    "x": 5.0
                }
            },
            {
                "tick": 25,
                "easing": "EASEINOUTQUAD",
                "turn": 0,
                "leftArm": {
                    "x": 5.509840965270996
                }
            },
            {
                "tick": 28,
                "easing": "EASEINOUTQUAD",
                "turn": 0,
                "leftArm": {
                    "x": 5.72898530960083
                }
            },
            {
                "tick": 4,
                "easing": "EASEINOUTQUAD",
                "turn": 0,
                "rightLeg": {
                    "yaw": 0.10456428676843643
                }
            },
            {
                "tick": 8,
                "easing": "EASEINOUTQUAD",
                "turn": 0,
                "rightLeg": {
                    "yaw": 0.33179590106010437
                }
            },
            {
                "tick": 11,
                "easing": "EASEINOUTQUAD",
                "turn": 0,
                "rightLeg": {
                    "yaw": 0.33179590106010437
                }
            },
            {
                "tick": 25,
                "easing": "EASEINOUTQUAD",
                "turn": 0,
                "rightLeg": {
                    "yaw": 0.13586391508579254
                }
            },
            {
                "tick": 32,
                "easing": "EASEINOUTQUAD",
                "turn": 0,
                "rightLeg": {
                    "yaw": 0.14266163110733032
                }
            },
            {
                "tick": 4,
                "easing": "EASEINOUTQUAD",
                "turn": 0,
                "rightLeg": {
                    "roll": -0.1442541778087616
                }
            },
            {
                "tick": 8,
                "easing": "EASEINOUTQUAD",
                "turn": 0,
                "rightLeg": {
                    "roll": 0.12935668230056763
                }
            },
            {
                "tick": 11,
                "easing": "EASEINOUTQUAD",
                "turn": 0,
                "rightLeg": {
                    "roll": 0.12935668230056763
                }
            },
            {
                "tick": 25,
                "easing": "EASEINOUTQUAD",
                "turn": 0,
                "rightLeg": {
                    "roll": 0.028780050575733185
                }
            },
            {
                "tick": 32,
                "easing": "EASEINOUTQUAD",
                "turn": 0,
                "rightLeg": {
                    "roll": -0.28205010294914246
                }
            },
            {
                "tick": 4,
                "easing": "EASEINOUTQUAD",
                "turn": 0,
                "rightLeg": {
                    "pitch": -1.9159799814224243
                }
            },
            {
                "tick": 8,
                "easing": "EASEINOUTQUAD",
                "turn": 0,
                "rightLeg": {
                    "pitch": -1.1889119148254395
                }
            },
            {
                "tick": 11,
                "easing": "EASEINOUTQUAD",
                "turn": 0,
                "rightLeg": {
                    "pitch": -1.1889119148254395
                }
            },
            {
                "tick": 25,
                "easing": "EASEINOUTQUAD",
                "turn": 0,
                "rightLeg": {
                    "pitch": 0.2035829722881317
                }
            },
            {
                "tick": 32,
                "easing": "EASEINOUTQUAD",
                "turn": 0,
                "rightLeg": {
                    "pitch": 0.23314258456230164
                }
            },
            {
                "tick": 4,
                "easing": "EASEINOUTQUAD",
                "turn": 0,
                "rightLeg": {
                    "x": -1.9
                }
            },
            {
                "tick": 8,
                "easing": "EASEINOUTQUAD",
                "turn": 0,
                "rightLeg": {
                    "x": -1.9
                }
            },
            {
                "tick": 11,
                "easing": "EASEINOUTQUAD",
                "turn": 0,
                "rightLeg": {
                    "x": -1.9
                }
            },
            {
                "tick": 25,
                "easing": "EASEINOUTQUAD",
                "turn": 0,
                "rightLeg": {
                    "x": -3.3824681282043456
                }
            },
            {
                "tick": 32,
                "easing": "EASEINOUTQUAD",
                "turn": 0,
                "rightLeg": {
                    "x": -3.3824681282043456
                }
            },
            {
                "tick": 4,
                "easing": "EASEINOUTQUAD",
                "turn": 0,
                "rightLeg": {
                    "y": 12.0
                }
            },
            {
                "tick": 8,
                "easing": "EASEINOUTQUAD",
                "turn": 0,
                "rightLeg": {
                    "y": 12.0
                }
            },
            {
                "tick": 11,
                "easing": "EASEINOUTQUAD",
                "turn": 0,
                "rightLeg": {
                    "y": 12.0
                }
            },
            {
                "tick": 25,
                "easing": "EASEINOUTQUAD",
                "turn": 0,
                "rightLeg": {
                    "y": 7.282238960266113
                }
            },
            {
                "tick": 32,
                "easing": "EASEINOUTQUAD",
                "turn": 0,
                "rightLeg": {
                    "y": 7.282238960266113
                }
            },
            {
                "tick": 4,
                "easing": "EASEINOUTQUAD",
                "turn": 0,
                "rightLeg": {
                    "z": 0.1
                }
            },
            {
                "tick": 8,
                "easing": "EASEINOUTQUAD",
                "turn": 0,
                "rightLeg": {
                    "z": 0.1
                }
            },
            {
                "tick": 11,
                "easing": "EASEINOUTQUAD",
                "turn": 0,
                "rightLeg": {
                    "z": 0.1
                }
            },
            {
                "tick": 25,
                "easing": "EASEINOUTQUAD",
                "turn": 0,
                "rightLeg": {
                    "z": -2.3797453880310058
                }
            },
            {
                "tick": 32,
                "easing": "EASEINOUTQUAD",
                "turn": 0,
                "rightLeg": {
                    "z": -2.3797453880310058
                }
            },
            {
                "tick": 4,
                "easing": "EASEINOUTQUAD",
                "turn": 0,
                "leftLeg": {
                    "yaw": -0.12442905455827713
                }
            },
            {
                "tick": 8,
                "easing": "EASEINOUTQUAD",
                "turn": 0,
                "leftLeg": {
                    "yaw": -0.3421821892261505
                }
            },
            {
                "tick": 11,
                "easing": "EASEINOUTQUAD",
                "turn": 0,
                "leftLeg": {
                    "yaw": -0.3421821892261505
                }
            },
            {
                "tick": 25,
                "easing": "EASEINOUTQUAD",
                "turn": 0,
                "leftLeg": {
                    "yaw": -0.3333166837692261
                }
            },
            {
                "tick": 4,
                "easing": "EASEINOUTQUAD",
                "turn": 0,
                "leftLeg": {
                    "roll": 0.1357298493385315
                }
            },
            {
                "tick": 8,
                "easing": "EASEINOUTQUAD",
                "turn": 0,
                "leftLeg": {
                    "roll": -0.1353890746831894
                }
            },
            {
                "tick": 11,
                "easing": "EASEINOUTQUAD",
                "turn": 0,
                "leftLeg": {
                    "roll": -0.1353890746831894
                }
            },
            {
                "tick": 25,
                "easing": "EASEINOUTQUAD",
                "turn": 0,
                "leftLeg": {
                    "roll": -0.4003746807575226
                }
            },
            {
                "tick": 4,
                "easing": "EASEINOUTQUAD",
                "turn": 0,
                "leftLeg": {
                    "pitch": -1.8053953647613525
                }
            },
            {
                "tick": 8,
                "easing": "EASEINOUTQUAD",
                "turn": 0,
                "leftLeg": {
                    "pitch": -1.1865370273590088
                }
            },
            {
                "tick": 11,
                "easing": "EASEINOUTQUAD",
                "turn": 0,
                "leftLeg": {
                    "pitch": -1.1865370273590088
                }
            },
            {
                "tick": 25,
                "easing": "EASEINOUTQUAD",
                "turn": 0,
                "leftLeg": {
                    "pitch": -1.1622689962387085
                }
            },
            {
                "tick": 4,
                "easing": "EASEINOUTQUAD",
                "turn": 0,
                "leftLeg": {
                    "y": 12.0
                }
            },
            {
                "tick": 8,
                "easing": "EASEINOUTQUAD",
                "turn": 0,
                "leftLeg": {
                    "y": 12.0
                }
            },
            {
                "tick": 11,
                "easing": "EASEINOUTQUAD",
                "turn": 0,
                "leftLeg": {
                    "y": 12.0
                }
            },
            {
                "tick": 25,
                "easing": "EASEINOUTQUAD",
                "turn": 0,
                "leftLeg": {
                    "y": 12.0
                }
            },
            {
                "tick": 4,
                "easing": "EASEINOUTQUAD",
                "turn": 0,
                "leftLeg": {
                    "z": -0.1
                }
            },
            {
                "tick": 8,
                "easing": "EASEINOUTQUAD",
                "turn": 0,
                "leftLeg": {
                    "z": -0.1
                }
            },
            {
                "tick": 11,
                "easing": "EASEINOUTQUAD",
                "turn": 0,
                "leftLeg": {
                    "z": -0.1
                }
            },
            {
                "tick": 25,
                "easing": "EASEINOUTQUAD",
                "turn": 0,
                "leftLeg": {
                    "z": -0.1
                }
            },
            {
                "tick": 4,
                "easing": "EASEINOUTQUAD",
                "turn": 0,
                "leftLeg": {
                    "x": 1.9
                }
            },
            {
                "tick": 8,
                "easing": "EASEINOUTQUAD",
                "turn": 0,
                "leftLeg": {
                    "x": 1.9
                }
            },
            {
                "tick": 11,
                "easing": "EASEINOUTQUAD",
                "turn": 0,
                "leftLeg": {
                    "x": 1.9
                }
            },
            {
                "tick": 25,
                "easing": "EASEINOUTQUAD",
                "turn": 0,
                "leftLeg": {
                    "x": 1.9
                }
            }
        ]
    }
}