{
    "name": {
        "translate": "spemotes.emote.name.SPE_Fold_your_hands_in_front_of_you",
        "fallback": "Сложить руки перед собой"
    },
    "author": "SPEmotes",
    "description": {
        "translate": "spemotes.emote.description.SPE_Fold_your_hands_in_front_of_you",
        "fallback": "Важный тип на то и важный, чтобы быть важным"
    },
    "emote": {
        "isLoop": "true",
        "returnTick": 8,
        "beginTick": 0,
        "endTick": 50,
        "stopTick": 51,
        "degrees": false,
        "moves": [
            {
                "tick": 6,
                "easing": "EASEINOUTQUAD",
                "turn": 0,
                "rightArm": {
                    "yaw": -1.3997912406921387
                }
            },
            {
                "tick": 8,
                "easing": "EASEINOUTQUAD",
                "turn": 0,
                "rightArm": {
                    "yaw": -1.2855799198150635
                }
            },
            {
                "tick": 30,
                "easing": "EASEINOUTQUAD",
                "turn": 0,
                "rightArm": {
                    "yaw": -1.2528244256973267
                }
            },
            {
                "tick": 50,
                "easing": "EASEINOUTQUAD",
                "turn": 0,
                "rightArm": {
                    "yaw": -1.2855799198150635
                }
            },
            {
                "tick": 6,
                "easing": "EASEINOUTQUAD",
                "turn": 0,
                "rightArm": {
                    "roll": 1.4797933101654053
                }
            },
            {
                "tick": 8,
                "easing": "EASEINOUTQUAD",
                "turn": 0,
                "rightArm": {
                    "roll": 1.5158048868179321
                }
            },
            {
                "tick": 30,
                "easing": "EASEINOUTQUAD",
                "turn": 0,
                "rightArm": {
                    "roll": 1.6604156494140625
                }
            },
            {
                "tick": 50,
                "easing": "EASEINOUTQUAD",
                "turn": 0,
                "rightArm": {
                    "roll": 1.5158048868179321
                }
            },
            {
                "tick": 6,
                "easing": "EASEINOUTQUAD",
                "turn": 0,
                "rightArm": {
                    "y": 4.062218189239502
                }
            },
            {
                "tick": 8,
                "easing": "EASEINOUTQUAD",
                "turn": 0,
                "rightArm": {
                    "y": 4.062218189239502
                }
            },
            {
                "tick": 30,
                "easing": "EASEINOUTQUAD",
                "turn": 0,
                "rightArm": {
                    "y": 4.18272590637207
                }
            },
            {
                "tick": 50,
                "easing": "EASEINOUTQUAD",
                "turn": 0,
                "rightArm": {
                    "y": 4.062218189239502
                }
            },
            {
                "tick": 6,
                "easing": "EASEINOUTQUAD",
                "turn": 0,
                "rightArm": {
                    "z": -1.2950375080108643
                }
            },
            {
                "tick": 8,
                "easing": "EASEINOUTQUAD",
                "turn": 0,
                "rightArm": {
                    "z": -1.2950375080108643
                }
            },
            {
                "tick": 30,
                "easing": "EASEINOUTQUAD",
                "turn": 0,
                "rightArm": {
                    "z": -1.5552211999893188
                }
            },
            {
                "tick": 50,
                "easing": "EASEINOUTQUAD",
                "turn": 0,
                "rightArm": {
                    "z": -1.2950375080108643
                }
            },
            {
                "tick": 6,
                "easing": "EASEINOUTQUAD",
                "turn": 0,
                "rightArm": {
                    "x": -5.2509446144104
                }
            },
            {
                "tick": 8,
                "easing": "EASEINOUTQUAD",
                "turn": 0,
                "rightArm": {
                    "x": -5.2509446144104
                }
            },
            {
                "tick": 30,
                "easing": "EASEINOUTQUAD",
                "turn": 0,
                "rightArm": {
                    "x": -5.2509446144104
                }
            },
            {
                "tick": 50,
                "easing": "EASEINOUTQUAD",
                "turn": 0,
                "rightArm": {
                    "x": -5.2509446144104
                }
            },
            {
                "tick": 6,
                "easing": "EASEINOUTQUAD",
                "turn": 0,
                "rightArm": {
                    "pitch": -1.6858006715774536
                }
            },
            {
                "tick": 8,
                "easing": "EASEINOUTQUAD",
                "turn": 0,
                "rightArm": {
                    "pitch": -1.7227094173431396
                }
            },
            {
                "tick": 30,
                "easing": "EASEINOUTQUAD",
                "turn": 0,
                "rightArm": {
                    "pitch": -1.856650948524475
                }
            },
            {
                "tick": 50,
                "easing": "EASEINOUTQUAD",
                "turn": 0,
                "rightArm": {
                    "pitch": -1.7227094173431396
                }
            },
            {
                "tick": 8,
                "easing": "EASEINOUTQUAD",
                "turn": 0,
                "rightArm": {
                    "bend": -0.9388911724090576
                }
            },
            {
                "tick": 27,
                "easing": "EASEINOUTQUAD",
                "turn": 0,
                "rightArm": {
                    "bend": -1.0352082252502441
                }
            },
            {
                "tick": 50,
                "easing": "EASEINOUTQUAD",
                "turn": 0,
                "rightArm": {
                    "bend": -0.9388911724090576
                }
            },
            {
                "tick": 6,
                "easing": "EASEINOUTQUAD",
                "turn": 0,
                "leftArm": {
                    "roll": -1.303165316581726
                }
            },
            {
                "tick": 8,
                "easing": "EASEINOUTQUAD",
                "turn": 0,
                "leftArm": {
                    "roll": -1.3541923761367798
                }
            },
            {
                "tick": 30,
                "easing": "EASEINOUTQUAD",
                "turn": 0,
                "leftArm": {
                    "roll": -1.3373653888702393
                }
            },
            {
                "tick": 50,
                "easing": "EASEINOUTQUAD",
                "turn": 0,
                "leftArm": {
                    "roll": -1.3541923761367798
                }
            },
            {
                "tick": 6,
                "easing": "EASEINOUTQUAD",
                "turn": 0,
                "leftArm": {
                    "yaw": 1.202233076095581
                }
            },
            {
                "tick": 8,
                "easing": "EASEINOUTQUAD",
                "turn": 0,
                "leftArm": {
                    "yaw": 1.1115063428878784
                }
            },
            {
                "tick": 30,
                "easing": "EASEINOUTQUAD",
                "turn": 0,
                "leftArm": {
                    "yaw": 1.1462836265563965
                }
            },
            {
                "tick": 50,
                "easing": "EASEINOUTQUAD",
                "turn": 0,
                "leftArm": {
                    "yaw": 1.1115063428878784
                }
            },
            {
                "tick": 6,
                "easing": "EASEINOUTQUAD",
                "turn": 0,
                "leftArm": {
                    "pitch": -1.5395522117614746
                }
            },
            {
                "tick": 8,
                "easing": "EASEINOUTQUAD",
                "turn": 0,
                "leftArm": {
                    "pitch": -1.595226526260376
                }
            },
            {
                "tick": 30,
                "easing": "EASEINOUTQUAD",
                "turn": 0,
                "leftArm": {
                    "pitch": -1.5766143798828125
                }
            },
            {
                "tick": 50,
                "easing": "EASEINOUTQUAD",
                "turn": 0,
                "leftArm": {
                    "pitch": -1.595226526260376
                }
            },
            {
                "tick": 6,
                "easing": "EASEINOUTQUAD",
                "turn": 0,
                "leftArm": {
                    "y": 4.437227249145508
                }
            },
            {
                "tick": 8,
                "easing": "EASEINOUTQUAD",
                "turn": 0,
                "leftArm": {
                    "y": 4.437227249145508
                }
            },
            {
                "tick": 30,
                "easing": "EASEINOUTQUAD",
                "turn": 0,
                "leftArm": {
                    "y": 4.2691826820373535
                }
            },
            {
                "tick": 50,
                "easing": "EASEINOUTQUAD",
                "turn": 0,
                "leftArm": {
                    "y": 4.437227249145508
                }
            },
            {
                "tick": 6,
                "easing": "EASEINOUTQUAD",
                "turn": 0,
                "leftArm": {
                    "z": -0.5453030467033386
                }
            },
            {
                "tick": 8,
                "easing": "EASEINOUTQUAD",
                "turn": 0,
                "leftArm": {
                    "z": -0.5453030467033386
                }
            },
            {
                "tick": 30,
                "easing": "EASEINOUTQUAD",
                "turn": 0,
                "leftArm": {
                    "z": -0.7190664410591125
                }
            },
            {
                "tick": 50,
                "easing": "EASEINOUTQUAD",
                "turn": 0,
                "leftArm": {
                    "z": -0.5453030467033386
                }
            },
            {
                "tick": 6,
                "easing": "EASEINOUTQUAD",
                "turn": 0,
                "leftArm": {
                    "x": 5.213019847869873
                }
            },
            {
                "tick": 8,
                "easing": "EASEINOUTQUAD",
                "turn": 0,
                "leftArm": {
                    "x": 5.213019847869873
                }
            },
            {
                "tick": 30,
                "easing": "EASEINOUTQUAD",
                "turn": 0,
                "leftArm": {
                    "x": 5.277794361114502
                }
            },
            {
                "tick": 50,
                "easing": "EASEINOUTQUAD",
                "turn": 0,
                "leftArm": {
                    "x": 5.213019847869873
                }
            },
            {
                "tick": 8,
                "easing": "EASEINOUTQUAD",
                "turn": 0,
                "leftArm": {
                    "bend": -0.7297434210777283
                }
            },
            {
                "tick": 27,
                "easing": "EASEINOUTQUAD",
                "turn": 0,
                "leftArm": {
                    "bend": -0.8016095757484436
                }
            },
            {
                "tick": 50,
                "easing": "EASEINOUTQUAD",
                "turn": 0,
                "leftArm": {
                    "bend": -0.7297434210777283
                }
            }
        ]
    }
}